id,name,department,rmp_legacy_id,rmp_id,num_ratings,avg_rating,avg_difficulty
3,Michael T Sulesky,Digital Media,2884111,VGVhY2hlci0yODg0MTEx,3,4.3,2.3
6,Alexus D Aiken,Digital Media,2831527,VGVhY2hlci0yODMxNTI3,6,1.7,3.8
9,Valentina M Miller,,,,,,
5,Christopher V Cerrone,Digital Media,2843490,VGVhY2hlci0yODQzNDkw,1,4.0,4.0
13,Craig Sylvester,,,,,,
1,Dan P Rose,Digital Media,2623059,VGVhY2hlci0yNjIzMDU5,6,1.8,4.2
19,Yael Asman,,,,,,
21,Bruce Laverty,,,,,,
23,Leslie E Lodwick,,,,,,
24,Timothy Nawrocki,,,,,,
25,David Murray,,,,,,
26,Stephen Cantando,,,,,,
27,Andrew P Phillips,,,,,,
30,Stephanie C Feldman,,,,,,
34,Caitlin A Kline,,,,,,
33,Nicholas G Houser,,,,,,
39,Alex J Stadel,,,,,,
40,Mark R Odorizzi,,,,,,
42,James W Rowe,,,,,,
43,Jennifer Hofer Jeffrey,,,,,,
35,Mia E Rosensaft,,,,,,
46,Robin S Miller,,,,,,
28,David A Beker,Finance,775233,VGVhY2hlci03NzUyMzM=,7,3.1,4.4
50,Roberto J Deseda,,,,,,
29,Nyasha C Felder,,,,,,
32,Bumjin Kim,,,,,,
54,Alesa I Rubendall,,,,,,
55,Antonio Martinez-Molina,,,,,,
56,Daniel E Brown,,,,,,
57,Alan J Greenberger,,,,,,
58,Joanne Aitken,,,,,,
31,Wolfram D Arendt,,,,,,
60,Catherine G Broh,,,,,,
61,John T Defazio,,,,,,
62,Don M Jones,,,,,,
63,Richard King,,,,,,
64,Thomas P Kirchner,,,,,,
65,Jeffrey F Krieger,,,,,,
66,Robert E Nalls,,,,,,
67,Paul J Salvaggio,,,,,,
68,Kelly F Vresilovic,,,,,,
69,Sarina R Miller,Art History,2606878,VGVhY2hlci0yNjA2ODc4,8,4.6,2.4
70,Joseph F Gregory,History,182576,VGVhY2hlci0xODI1NzY=,40,3.9,2.8
71,Linda Kim,Art History,2526905,VGVhY2hlci0yNTI2OTA1,19,3.1,4.0
72,Jack M Hinton,,,,,,
20,Daniel E Coslett,Architecture,3012772,VGVhY2hlci0zMDEyNzcy,4,4.0,3.8
77,Mia Kang,,,,,,
80,Sharon Erwin,,,,,,
84,Julie R Goodman,,,,,,
81,Pamela Yau,,,,,,
82,Laura-Edythe S Coleman,,,,,,
88,Ella R Cuda,,,,,,
89,Jennifer S Morley,,,,,,
92,Clyde Evans,,,,,,
94,Jessica M Kroboth,,,,,,
95,Dara J Meredith,,,,,,
96,Imani Griffith,,,,,,
102,Abby S Toll,,,,,,
99,Becky Malcolm-Naib,,,,,,
90,Jourdan N Howland-Townsend,,,,,,
91,Kareem B Goodwin,,,,,,
104,Blanca Huertas-Agnew,,,,,,
109,Miriam G Giguere,,,,,,
110,Corina L Cleffi,,,,,,
93,Britt W Fishel,,,,,,
113,Chris D Baeza,Design,2236846,VGVhY2hlci0yMjM2ODQ2,5,3.0,3.8
116,Christine A Kostryka,,,,,,
114,Kimberly N McGlonn,,,,,,
117,Nick A Cassway,Design,2606948,VGVhY2hlci0yNjA2OTQ4,5,4.2,3.6
122,Alphonso D McClendon,Media Arts & Design,2624044,VGVhY2hlci0yNjI0MDQ0,2,5.0,2.5
115,Rachel A Higgins,,,,,,
120,Maureen C DeSimone,Design,2473031,VGVhY2hlci0yNDczMDMx,4,4.8,3.5
128,Joshua Longo,,,,,,
137,Glen Muschio,Graphic Arts,133894,VGVhY2hlci0xMzM4OTQ=,32,2.0,3.9
139,Rob E Lloyd,Digital Media,2431729,VGVhY2hlci0yNDMxNzI5,4,4.3,2.8
15,Dave A Mauriello,Graphic Arts,2223845,VGVhY2hlci0yMjIzODQ1,3,4.3,4.3
141,Troy W Finamore,Design,1384470,VGVhY2hlci0xMzg0NDcw,6,3.7,3.7
142,Jervis W Thompson,Digital Media,1796978,VGVhY2hlci0xNzk2OTc4,6,3.7,2.2
12,Milady S Bridges,Digital Media,2999230,VGVhY2hlci0yOTk5MjMw,1,5.0,4.0
148,Philip J Sinatra,Digital Media,2491883,VGVhY2hlci0yNDkxODgz,8,4.4,4.0
8,Anjelikal A Rogers,,,,,,
18,Sir Neistadt,Digital Media,3060808,VGVhY2hlci0zMDYwODA4,1,5.0,3.0
17,Debra A Isaac,,,,,,
133,Arianna B Gass,,,,,,
156,Emil Polyak,,,,,,
155,Michael G Wagner,,,,,,
166,Shannon Lacek,Management,2726129,VGVhY2hlci0yNzI2MTI5,5,4.6,2.4
167,Brea M Heidelberg,Fine Arts,2333197,VGVhY2hlci0yMzMzMTk3,10,2.4,2.2
168,Chauncey Childs,,,,,,
169,Dan E Toll,,,,,,
83,Scott A Cooper,,,,,,
171,Kimberly A Reynolds,,,,,,
165,Jeanne M Waite,Management,2640705,VGVhY2hlci0yNjQwNzA1,3,5.0,1.7
76,Kelly L Reddy-Best,,,,,,
185,DC C Claassen,,,,,,
175,Cynthia A Golembuski,,,,,,
152,Kathleen C Martin,,,,,,
182,Hyun A Kim,,,,,,
180,Nicole M Haddad,,,,,,
184,Jaeyoon Jeong,Design,2300398,VGVhY2hlci0yMzAwMzk4,1,5.0,3.0
189,Autumnlin E Kietponglert,,,,,,
190,Lisa L Hayes,,,,,,
186,Jackie Kilmartin,,,,,,
201,David P Deneen,Film,1287801,VGVhY2hlci0xMjg3ODAx,9,5.0,2.6
208,Barb C Steele,,,,,,
209,Joseph A DiVita,Film,2473785,VGVhY2hlci0yNDczNzg1,13,4.5,3.0
212,Joe R Marsini,Film,3075290,VGVhY2hlci0zMDc1Mjkw,1,4.0,1.0
213,Dana M DeSalis,,,,,,
214,Jocelyn R Tarquini,Film,1739270,VGVhY2hlci0xNzM5Mjcw,6,4.7,2.8
216,Thomas E Quinn,,,,,,
217,Benjamin M Kalina,,,,,,
202,Alison D Standefer,,,,,,
220,Tori L Marchiony,,,,,,
225,Karin Kelly,,,,,,
219,Andrew B Susskind,Film,2350369,VGVhY2hlci0yMzUwMzY5,3,2.3,2.7
228,Ashlee E Wellenreiter,,,,,,
206,Gerard M Hooper,,,,,,
205,David A Schwartz,,,,,,
234,Steven E Denisevicz,Digital Media,3057256,VGVhY2hlci0zMDU3MjU2,3,4.7,2.0
235,Jessica E Creane,Media Arts & Design,2636281,VGVhY2hlci0yNjM2Mjgx,9,2.4,3.6
238,Darya Ramezani,Digital Media,2924276,VGVhY2hlci0yOTI0Mjc2,4,5.0,2.5
232,Ryan R Morrison,,,,,,
231,Adrian T Sandoval,Digital Media,2884114,VGVhY2hlci0yODg0MTE0,9,4.6,1.9
244,Nicolas E Losada Martinez,,,,,,
136,Anuraj Bhatnagar,,,,,,
150,Paul J Diefenbach,,,,,,
143,Tony A Rowe,Digital Media,3060817,VGVhY2hlci0zMDYwODE3,1,4.0,3.0
145,Frank J Lee,Digital Media,2850280,VGVhY2hlci0yODUwMjgw,1,3.0,3.0
250,Krissy W Beck,,,,,,
254,Aaron W Monro,,,,,,
256,Shushi Yoshinaga,Graphic Arts,2639244,VGVhY2hlci0yNjM5MjQ0,2,1.0,3.5
255,Jody L Graff,,,,,,
258,Rosemary Murphy,,,,,,
259,Devon Burgoyne,,,,,,
260,Eric P Karnes,,,,,,
261,Mark E Willie,Graphic Arts,2242490,VGVhY2hlci0yMjQyNDkw,5,4.6,3.0
262,Bill B Rees,,,,,,
264,Luis E Quevedo,,,,,,
265,Donald M Haring,,,,,,
266,Paul Phan,Digital Media,2261575,VGVhY2hlci0yMjYxNTc1,5,4.2,1.6
267,Chester Cunanan,Digital Media,2449789,VGVhY2hlci0yNDQ5Nzg5,8,3.5,2.9
269,Arne Joensson,,,,,,
272,Aaron Luck,,,,,,
279,Ada M Tremonte,Design,1881603,VGVhY2hlci0xODgxNjAz,8,4.4,3.8
282,Josh Kilian,,,,,,
286,Karen B Pelzer,,,,,,
44,Jeremy Avellino,,,,,,
284,Frances P Temple-West,,,,,,
280,Lauren G Dombrowiak,,,,,,
295,Susan L Feenan,,,,,,
278,Annette M Hladio,,,,,,
41,Jacklynn N Niemiec,,,,,,
300,Robin F Blair,,,,,,
301,Debra Ruben,,,,,,
302,William J Mangold,,,,,,
47,Jihyun Song,,,,,,
304,Rena P Cumby,,,,,,
277,Marjan Miri,,,,,,
306,Ananda N DuPree,,,,,,
307,Jeffery R Fama,,,,,,
275,Sequoyah N Hunter-Cuyjet,,,,,,
309,Sarah K Lippmann,,,,,,
310,Telsa S Love,,,,,,
283,Marie M Mastrobattista,,,,,,
270,Kimberly M Montes,Design,2911948,VGVhY2hlci0yOTExOTQ4,2,2.5,2.0
130,Dee S Nicholas,,,,,,
131,Karla B Roberts,,,,,,
315,Michael Stanczak,,,,,,
316,Krista E Van Wassen,,,,,,
318,Meg K Wolensky,,,,,,
319,Polly G McKenna-Cress,,,,,,
320,Daniel M Spratlan,,,,,,
326,Rosalind M Erwin,Music,2061487,VGVhY2hlci0yMDYxNDg3,3,4.0,4.0
332,Ross L Browne,,,,,,
323,Domenic J Pisano,,,,,,
336,Luke A Abruzzo,Music,735862,VGVhY2hlci03MzU4NjI=,20,2.7,3.5
347,James C McKinney,Music,2825906,VGVhY2hlci0yODI1OTA2,4,1.8,3.5
350,Rebecca L Siler,,,,,,
342,Brian M Dilts,Music,1654971,VGVhY2hlci0xNjU0OTcx,8,4.5,1.5
339,Dennis H Fortune,Music,2833930,VGVhY2hlci0yODMzOTMw,2,4.0,2.0
356,Chennie Chen,,,,,,
331,Bruce Kaminsky,Music,809516,VGVhY2hlci04MDk1MTY=,10,2.8,2.7
328,Christopher B Farrell,Music,2225452,VGVhY2hlci0yMjI1NDUy,3,3.7,3.3
335,Karen M Banos,,,,,,
330,Mark E Beecher,,,,,,
322,Scott D Bacon,Music,852577,VGVhY2hlci04NTI1Nzc=,25,4.1,1.8
327,Eve A Friedman,Music,2079246,VGVhY2hlci0yMDc5MjQ2,2,5.0,2.5
344,Wanda L Canfield,Music,2992096,VGVhY2hlci0yOTkyMDk2,1,5.0,1.0
334,Gregory J Wright,Music,2127095,VGVhY2hlci0yMTI3MDk1,4,5.0,2.0
351,Melissa L Menago,,,,,,
329,Madeleine C Riley,Music,2377035,VGVhY2hlci0yMzc3MDM1,4,3.0,3.3
324,Brent White,Music,2789795,VGVhY2hlci0yNzg5Nzk1,5,2.2,3.8
380,Kaisha A Blackstone,Music,2851932,VGVhY2hlci0yODUxOTMy,7,3.1,3.6
382,Chris E Ward,,,,,,
385,John Vettese,,,,,,
387,Lee Clarke,,,,,,
377,Adam Haggar,,,,,,
393,Monika A Julien,Music,2851950,VGVhY2hlci0yODUxOTUw,4,5.0,1.8
383,Toby T Seay,,,,,,
395,Javier L Rodriguez,Business,2710032,VGVhY2hlci0yNzEwMDMy,2,4.0,2.0
386,Ivan Barias,Music,2997818,VGVhY2hlci0yOTk3ODE4,1,5.0,3.0
384,Nikisha Bailey,,,,,,
376,Cyrille L Taillandier,Music,2222456,VGVhY2hlci0yMjIyNDU2,5,2.6,1.8
390,Jeffrey R Apruzzese,Music,2638109,VGVhY2hlci0yNjM4MTA5,1,5.0,1.0
391,Tony M Dofat,,,,,,
374,Ryan P Moys,,,,,,
101,Valerie J Ifill,,,,,,
405,Joy Moody,Photography,1884646,VGVhY2hlci0xODg0NjQ2,4,3.1,2.5
409,Kylie K Wright,Photography,1803841,VGVhY2hlci0xODAzODQx,4,3.9,2.8
407,Eddy J Rhenals-Narvaez,Photography,2535725,VGVhY2hlci0yNTM1NzI1,6,4.5,2.7
417,Matthew A Zugale,,,,,,
418,George R McCardle,,,,,,
411,Andrea L Modica,,,,,,
413,Ashley C Smith,,,,,,
414,Amanda K Tinker,Photography,2557297,VGVhY2hlci0yNTU3Mjk3,1,5.0,1.0
281,Harry J Haon,Design,2803892,VGVhY2hlci0yODAzODky,2,4.0,2.5
289,Ann I Gerondelis,,,,,,
426,Michael D Glaser,Design,2442377,VGVhY2hlci0yNDQyMzc3,4,4.0,3.3
428,Justin K Bernard,,,,,,
429,Georgena Senior,,,,,,
432,Alexandra A Schmidt-Ullrich,,,,,,
433,June He,,,,,,
437,Kimberlyne T Bethea,,,,,,
125,Tsz K Kwok,,,,,,
440,Savannah B Reich,,,,,,
444,Jeffrey A Stanley,Film,2468229,VGVhY2hlci0yNDY4MjI5,5,3.6,4.0
441,John Yearley,,,,,,
447,Dana Verde,,,,,,
210,Tatyana A Yassukovich,,,,,,
153,Stephen S Mazzeo,,,,,,
448,Martin N Fisher,,,,,,
443,Luke M Giordano,,,,,,
450,David J Greenberg,,,,,,
457,David Diamond,,,,,,
453,Matthew J Kaufhold,Film,3060764,VGVhY2hlci0zMDYwNzY0,1,1.0,2.0
227,Nicholas J Natalicchio,Film,2880729,VGVhY2hlci0yODgwNzI5,2,2.5,3.0
460,Yvonne D Leach,Film,2711326,VGVhY2hlci0yNzExMzI2,4,4.3,3.3
224,Alexis Leonard,,,,,,
466,Rachel L Casey,,,,,,
468,Michelle M Bradsher-McHugh,,,,,,
462,Josh L Browns,,,,,,
472,Peter R Reynolds,,,,,,
473,Chris M Totora,,,,,,
467,Paul R Jerue,,,,,,
479,Liv R Shoup,,,,,,
476,Donald E Leake,,,,,,
481,Esther Cohen,,,,,,
478,David L White,Theater,2469336,VGVhY2hlci0yNDY5MzM2,5,4.8,1.4
485,Walter J DeShields,,,,,,
464,Gerre M Garrett,Theater,2462842,VGVhY2hlci0yNDYyODQy,2,5.0,2.0
475,Nick J Anselmo,Theater,2524317,VGVhY2hlci0yNTI0MzE3,2,3.0,1.5
488,Jose-Antonio D Chacon,,,,,,
463,Bill J Fennelly,Theater,2809157,VGVhY2hlci0yODA5MTU3,1,3.0,2.0
86,Andrew W Zitcer,,,,,,
493,Clara V Pinsky,,,,,,
147,Nicholas E Jushchyshyn,Digital Media,2864554,VGVhY2hlci0yODY0NTU0,2,5.0,2.0
498,Mike M Geno,Design,2526949,VGVhY2hlci0yNTI2OTQ5,12,2.8,3.9
483,Sarah J Steinwachs,Design,991802,VGVhY2hlci05OTE4MDI=,15,3.3,4.3
502,Monica L Baziuk,,,,,,
503,Rashidah A Salam,Design,1295051,VGVhY2hlci0xMjk1MDUx,15,4.7,2.8
504,Lisa B Sylvester,Design,2490337,VGVhY2hlci0yNDkwMzM3,5,3.6,3.2
506,Joshua A Weiss,Fine Arts,1968934,VGVhY2hlci0xOTY4OTM0,28,3.7,4.4
507,Adem K Sarioglu,,,,,,
508,Matthew Higgins,Media Arts & Design,2942242,VGVhY2hlci0yOTQyMjQy,3,4.3,2.7
509,Ricardo Zapata,Design,2842538,VGVhY2hlci0yODQyNTM4,8,4.8,3.6
239,Gene A Santiago-Holt,Fine Arts,2891360,VGVhY2hlci0yODkxMzYw,3,5.0,3.3
497,Moss Freedman,,,,,,
513,John McDaniel,Design,2720206,VGVhY2hlci0yNzIwMjA2,2,4.0,1.5
514,Sabina Tichindeleanu,,,,,,
517,Sterling L Shaw,Fine Arts,2914849,VGVhY2hlci0yOTE0ODQ5,1,3.0,4.0
518,Elaine M Erne,Fine Arts,2312323,VGVhY2hlci0yMzEyMzIz,14,4.5,3.6
285,Elizabeth Goldberg-Johnson,Design,2540308,VGVhY2hlci0yNTQwMzA4,2,1.5,3.0
482,Mark T Stockton,Design,1736513,VGVhY2hlci0xNzM2NTEz,16,4.0,4.1
515,Jacob K Lunderby,Fine Arts,1307164,VGVhY2hlci0xMzA3MTY0,12,4.5,2.4
501,Tara M Inman-Bellofatto,,,,,,
516,Peter A Hoffmann,Fine Arts,2539261,VGVhY2hlci0yNTM5MjYx,5,2.2,3.0
525,David C Wilson,Fine Arts,2632418,VGVhY2hlci0yNjMyNDE4,2,5.0,2.5
530,Tyler C Kline,,,,,,
535,Susan M White,,,,,,
534,Josh M Zerangue,Fine Arts,2429707,VGVhY2hlci0yNDI5NzA3,5,5.0,2.0
490,Lewis R Colburn,,,,,,
538,Christine R Bailey,Graphic Arts,3016785,VGVhY2hlci0zMDE2Nzg1,7,2.9,2.6
451,Raja Y Schaar,Design,2581964,VGVhY2hlci0yNTgxOTY0,9,2.1,2.8
445,Erik P Sundquist,Architecture,2469422,VGVhY2hlci0yNDY5NDIy,5,2.0,2.8
434,Jessica A Barr,,,,,,
435,Anne C Cecil,,,,,,
223,Christopher R Palo,,,,,,
126,Dan B Newman,Design,2355625,VGVhY2hlci0yMzU1NjI1,3,5.0,4.0
78,Derek A Gillman,,,,,,
522,Nelly Taha,,,,,,
561,Grace A King,,,,,,
567,Aprem Zaya,,,,,,
565,Ido Keren,,,,,,
572,Ashley N Carper,,,,,,
581,Chris M Masiello,,,,,,
602,Medha Kasina,,,,,,
590,Humza H Imam,,,,,,
578,Sammey Soliman,,,,,,
593,Anna A Desch,,,,,,
637,Ella S McVerry,,,,,,
625,Sanaa T Jackson,,,,,,
631,Laura E Miller,,,,,,
628,Sammie Dolloff,,,,,,
649,Zade Alafranji,,,,,,
670,Jessica L Bonnen,,,,,,
676,Nina Mallalieu,,,,,,
677,Ashleigh E Browne,,,,,,
679,Julia M Kovalski,,,,,,
680,Matthew T McDonald,Biology,2497586,VGVhY2hlci0yNDk3NTg2,15,4.4,2.5
537,Alison E Moyer,Biology,2239384,VGVhY2hlci0yMjM5Mzg0,7,3.7,2.1
682,Deana J Mancuso,,,,,,
684,Heather J Gwin,Biology,2168590,VGVhY2hlci0yMTY4NTkw,7,1.9,2.4
685,Abigail M Fern,,,,,,
689,Kara M Moran,,,,,,
533,Usha Sankar,Biology,2978871,VGVhY2hlci0yOTc4ODcx,23,1.4,4.2
664,Ive-Anwuli Ralph-Uyalor,,,,,,
701,Stephen C Kupchella,,,,,,
554,Kevin P Smith,Biology,2110829,VGVhY2hlci0yMTEwODI5,37,4.7,2.8
705,Rocco N Spadea,,,,,,
709,Rachel M Kennedy,,,,,,
563,Ashley R Szyper,,,,,,
716,Nicole A Barbera,,,,,,
547,Monica M Togna,Biological Sciences,2438663,VGVhY2hlci0yNDM4NjYz,33,4.4,2.8
720,Nora Farshchi Aziz,,,,,,
544,Amit Basu,Education,1257332,VGVhY2hlci0xMjU3MzMy,20,2.6,3.3
722,Maithili B Sawant,,,,,,
723,Aiman Nadeem,,,,,,
694,Robert P Loudon,Biological Sciences,1455857,VGVhY2hlci0xNDU1ODU3,46,2.1,4.3
545,Jerome J Ricard,Biological Sciences,2436837,VGVhY2hlci0yNDM2ODM3,9,4.8,3.2
738,Fred C Krebs,Biology,3019488,VGVhY2hlci0zMDE5NDg4,1,4.0,3.0
542,Manuel A Seman Senderos,Biological Sciences,2746678,VGVhY2hlci0yNzQ2Njc4,45,2.4,3.9
536,Laura E Duwel,Biology,454714,VGVhY2hlci00NTQ3MTQ=,117,2.2,4.0
735,Nianli Sang,Biology,1212491,VGVhY2hlci0xMjEyNDkx,10,3.9,3.8
552,Ali Afify,,,,,,
562,Felice Elefant,Biology,653240,VGVhY2hlci02NTMyNDA=,10,3.3,2.8
555,Anna Denise R Garcia,,,,,,
742,Tali Gidalevitz,Biology,2907036,VGVhY2hlci0yOTA3MDM2,1,5.0,2.0
557,Megan Phifer-Rixey,Biology,2985548,VGVhY2hlci0yOTg1NTQ4,1,4.0,3.0
737,Kari F Lenhart,,,,,,
739,Ryan J Petrie,Biology,2669928,VGVhY2hlci0yNjY5OTI4,14,4.4,3.6
757,Aleister J Saunders,Biology,653239,VGVhY2hlci02NTMyMzk=,9,4.4,3.1
774,Elias T Spiliotis,,,,,,
744,Jennifer S Stanford,Biology,1188590,VGVhY2hlci0xMTg4NTkw,21,3.5,3.1
777,Chidimma Z Adimonyemma,,,,,,
780,Vanessa P Lambrou,,,,,,
798,Ahmed S Bulhassan,,,,,,
795,Danial Fakharian,,,,,,
793,Faezeh Mashhadi Ramezani,,,,,,
778,Samuel Kipp,,,,,,
781,Ghazaal Ghodratpanah,,,,,,
800,Ally M St Jean,,,,,,
786,Robert W Weber,Music,2222454,VGVhY2hlci0yMjIyNDU0,6,4.5,2.7
779,Tucker J Collins,,,,,,
805,Divya Das,,,,,,
790,Yang Yang,Chemistry,2977635,VGVhY2hlci0yOTc3NjM1,17,2.9,3.7
791,Monica Ilies,Chemistry,1537810,VGVhY2hlci0xNTM3ODEw,117,4.4,3.0
809,Susan A Rutkowsky,Chemistry,532635,VGVhY2hlci01MzI2MzU=,41,4.7,2.7
782,Samuel S Borochaner,,,,,,
806,Lian Farhadian,,,,,,
829,Ben H Rosen,,,,,,
810,Jamie L Ludwig,Chemistry,2668205,VGVhY2hlci0yNjY4MjA1,53,3.1,3.7
835,Rumman Zaman,,,,,,
836,Rabiabir Kaur,,,,,,
838,Janette V Pham,,,,,,
841,James L McHale,,,,,,
843,Jun Xi,Chemistry,1557748,VGVhY2hlci0xNTU3NzQ4,20,4.6,3.7
844,Vaidyanathan Mathrubootham,,,,,,
846,Yuki Lam,,,,,,
849,Jayakumar G Gilbert,,,,,,
823,Lee W Hoffman,Chemistry,1967219,VGVhY2hlci0xOTY3MjE5,54,2.7,3.4
863,Jacob R Powell,,,,,,
837,Reza Farasat,Chemistry,2687261,VGVhY2hlci0yNjg3MjYx,33,4.6,2.7
853,Young-Hoon Ahn,,,,,,
854,Alexandra Rosen,,,,,,
830,Joe P Foley,,,,,,
857,Haifeng Ji,Chemistry,1790226,VGVhY2hlci0xNzkwMjI2,7,4.2,3.1
758,Daniel King,Chemistry,586790,VGVhY2hlci01ODY3OTA=,79,4.6,2.9
859,Myungwoon Lee,,,,,,
852,Kevin G Owens,,,,,,
860,Karl Sohlberg,Chemistry,1184967,VGVhY2hlci0xMTg0OTY3,9,3.1,3.7
879,Ezra Wood,Chemistry,2602214,VGVhY2hlci0yNjAyMjE0,2,3.0,3.5
832,Fraser F Fleming,Chemistry,2642007,VGVhY2hlci0yNjQyMDA3,18,1.6,4.7
568,Hechun Ping,Languages,2883381,VGVhY2hlci0yODgzMzgx,2,5.0,2.5
569,Ni Ou,Languages,2674490,VGVhY2hlci0yNjc0NDkw,7,4.6,3.1
885,Essien O Essien,Communication,3033336,VGVhY2hlci0zMDMzMzM2,6,1.2,4.0
897,Sonika Lamichhane,,,,,,
892,Maggie S Riegel,Journalism,2827619,VGVhY2hlci0yODI3NjE5,5,3.4,3.0
900,Janna M MacPherson,Communication,2762487,VGVhY2hlci0yNzYyNDg3,5,4.4,2.2
902,Eric W Herr,Communication,2743533,VGVhY2hlci0yNzQzNTMz,6,4.3,1.8
904,Qingyue Sun,Communication,3019103,VGVhY2hlci0zMDE5MTAz,2,5.0,2.5
905,Awni K Kalkat,,,,,,
887,Molly E Malone,,,,,,
898,Michael Cavacini,Physics,456381,VGVhY2hlci00NTYzODE=,14,3.1,3.8
910,Marianne Swain,,,,,,
906,Luis A Grande,Communication,2812407,VGVhY2hlci0yODEyNDA3,10,4.5,2.0
890,Scott D Tattar,Communication,2264340,VGVhY2hlci0yMjY0MzQw,33,5.0,1.7
919,Elizabeth L Kaminsky,Communication,2508443,VGVhY2hlci0yNTA4NDQz,3,4.7,2.0
891,Hana Park,,,,,,
920,Alice Liu,Communication,2848046,VGVhY2hlci0yODQ4MDQ2,6,2.3,2.8
922,Rosemary E Rys,Communication,2436827,VGVhY2hlci0yNDM2ODI3,11,3.9,2.5
927,John A Shiffert,Communication,2451848,VGVhY2hlci0yNDUxODQ4,15,4.4,2.0
913,Steve S Herzog,,,,,,
930,Pamela Z Poe,Communication,2918094,VGVhY2hlci0yOTE4MDk0,3,2.7,3.3
932,Joan W Blumberg,Communication,451206,VGVhY2hlci00NTEyMDY=,11,4.7,1.7
895,Asta Zelenkauskaite,Communication,1845193,VGVhY2hlci0xODQ1MTkz,8,2.8,3.3
575,Ron C Bishop,Communication,437166,VGVhY2hlci00MzcxNjY=,22,4.8,2.5
595,Anne C Willkomm,,,,,,
939,David Frank,Communication,2991572,VGVhY2hlci0yOTkxNTcy,3,3.0,3.0
577,Karen M Cristiano,Communication,1341089,VGVhY2hlci0xMzQxMDg5,47,2.1,4.0
585,Nahyun Kim,Communication,2902636,VGVhY2hlci0yOTAyNjM2,4,2.3,3.0
911,Julia H May,,,,,,
573,Alexander G Nikolaev,Communication,437167,VGVhY2hlci00MzcxNjc=,17,3.6,3.1
888,Nak Ho Kim,Communication,3076525,VGVhY2hlci0zMDc2NTI1,2,5.0,3.0
570,Alex R Jenkins,Communication,2572483,VGVhY2hlci0yNTcyNDgz,3,4.3,2.0
948,Wesley Shumar,Anthropology,483606,VGVhY2hlci00ODM2MDY=,7,3.9,3.1
574,Bernat Ivancsics,Communication,2972207,VGVhY2hlci0yOTcyMjA3,1,1.0,5.0
942,Hyunmin Lee,Communication,2247702,VGVhY2hlci0yMjQ3NzAy,7,4.6,2.3
954,Meagan Church,,,,,,
957,Richard J Fellinger,,,,,,
958,Leah Franqui,,,,,,
959,C.H. Hooks,,,,,,
968,Nomi A Eve,,,,,,
971,Tiffany Dara C Johnson,,,,,,
972,Julie P Cantrell,,,,,,
955,Kelly L Creagh,,,,,,
953,JR Dawson,,,,,,
956,Julie C Dalton,,,,,,
977,Brandi M Granett,,,,,,
961,Tosca Lee,,,,,,
980,Adele Myers,,,,,,
962,Hank Phillippi,,,,,,
951,Aimie K Runyan,,,,,,
964,Eric Smith,,,,,,
965,Elizabeth Stovell,,,,,,
985,Ted Flanagan,,,,,,
986,Jon W McGoran,Political Science,1263247,VGVhY2hlci0xMjYzMjQ3,2,4.8,3.0
960,Amy K Impellizzeri,,,,,,
966,Belinda H Tang,,,,,,
989,Jenni Walsh,,,,,,
993,Matthew J Teti,,,,,,
597,Shannon K Jacobsen,Criminal Justice,2805795,VGVhY2hlci0yODA1Nzk1,3,4.7,2.0
598,Cynthia R Rickards,Criminal Justice,1882118,VGVhY2hlci0xODgyMTE4,22,2.4,3.2
592,Robert D'Ovidio,Criminal Justice,623213,VGVhY2hlci02MjMyMTM=,11,3.1,3.2
591,Ashley L Dickinson,Criminal Justice,2229974,VGVhY2hlci0yMjI5OTc0,19,4.8,2.4
708,Dan Featherston,English,2946974,VGVhY2hlci0yOTQ2OTc0,13,2.9,2.6
711,Elizabeth J Thorpe,English,789844,VGVhY2hlci03ODk4NDQ=,14,4.8,1.5
688,Sean R Skulski,,,,,,
1010,Karen A Stegeman,English,2840136,VGVhY2hlci0yODQwMTM2,5,5.0,1.4
700,Alexis R Apfelbaum,English,2294733,VGVhY2hlci0yMjk0NzMz,21,4.8,2.2
1012,Anthony B Chatfield,English,2792059,VGVhY2hlci0yNzkyMDU5,4,5.0,2.5
638,Melanie L Farley,English,2559889,VGVhY2hlci0yNTU5ODg5,12,3.2,2.8
2298,Kevin D Gazzara,,,,,,
648,Erica Kleckner,English,2755932,VGVhY2hlci0yNzU1OTMy,14,4.6,1.9
681,Christine M Davids,English,2563119,VGVhY2hlci0yNTYzMTE5,23,4.4,2.5
695,Erin E Mccourt,English,3047723,VGVhY2hlci0zMDQ3NzIz,3,5.0,1.3
707,Asher Dark,,,,,,
687,Leah V Mele,English,2772520,VGVhY2hlci0yNzcyNTIw,7,5.0,1.4
643,Von Wise,English,2773496,VGVhY2hlci0yNzczNDk2,11,4.4,2.4
704,Errol C Sull,English,2113724,VGVhY2hlci0yMTEzNzI0,22,2.4,3.4
1023,Keli B O'Connor,English,2775223,VGVhY2hlci0yNzc1MjIz,2,4.0,2.0
1024,Krista R Beucler,English,2985492,VGVhY2hlci0yOTg1NDky,7,5.0,2.3
613,Craig E Laird,English,2412929,VGVhY2hlci0yNDEyOTI5,24,3.9,2.2
624,Phillip E Garcia,English,2996362,VGVhY2hlci0yOTk2MzYy,2,4.5,1.5
630,Kristen Lee,English,3077454,VGVhY2hlci0zMDc3NDU0,2,5.0,1.5
619,Judith M Curlee,English,2323593,VGVhY2hlci0yMzIzNTkz,36,3.0,2.9
690,Izzy J Cihak,,,,,,
655,Katherine Karlin,English,2946975,VGVhY2hlci0yOTQ2OTc1,3,5.0,2.3
653,Robert A Watts,English,713514,VGVhY2hlci03MTM1MTQ=,68,3.7,2.6
692,Gail D Rosen,,,,,,
645,Valerie A Booth,English,1532613,VGVhY2hlci0xNTMyNjEz,42,4.2,2.2
620,Fred Siegel,English,2236968,VGVhY2hlci0yMjM2OTY4,17,3.8,2.2
671,Keith J DeRenzo,English,2295059,VGVhY2hlci0yMjk1MDU5,23,3.4,2.9
651,Jonathan E Hobratsch,English,2891574,VGVhY2hlci0yODkxNTc0,5,4.2,2.6
636,Ted C Fristrom,English,1048351,VGVhY2hlci0xMDQ4MzUx,16,3.2,2.9
633,Donna L Rondolone,Literature,14388,VGVhY2hlci0xNDM4OA==,34,3.4,2.8
1061,Donald A Riggs,English,278961,VGVhY2hlci0yNzg5NjE=,57,3.9,2.4
654,William G Vargo,,,,,,
672,Rob W Zawatski,English,2671580,VGVhY2hlci0yNjcxNTgw,16,4.4,2.7
626,Cassandra J Hirsch,English,1367830,VGVhY2hlci0xMzY3ODMw,36,4.8,1.6
639,Jill R Moses,English,1878671,VGVhY2hlci0xODc4Njcx,26,4.5,1.5
674,Timothy M Fitts,English,1698039,VGVhY2hlci0xNjk4MDM5,35,4.4,1.4
691,Bob T Finegan,English,2686370,VGVhY2hlci0yNjg2Mzcw,15,2.7,3.1
644,Matthew R Smith,English,1696232,VGVhY2hlci0xNjk2MjMy,24,4.0,3.0
721,Lisa A DiMaio,English,2826947,VGVhY2hlci0yODI2OTQ3,5,4.6,2.4
715,Maria Volynsky,English,2312061,VGVhY2hlci0yMzEyMDYx,17,2.8,4.0
717,Keunah Han,English,1937332,VGVhY2hlci0xOTM3MzMy,8,3.7,3.0
1105,Margene L Petersen,English,2540235,VGVhY2hlci0yNTQwMjM1,8,4.1,2.9
551,Vincent V Williams,English,613935,VGVhY2hlci02MTM5MzU=,26,4.7,2.2
734,Sheila F Sandapen,English,1990384,VGVhY2hlci0xOTkwMzg0,30,2.2,3.6
727,Deirdre H McMahon,English,2527058,VGVhY2hlci0yNTI3MDU4,4,3.5,2.8
632,Kenneth Bingham,Humanities,489906,VGVhY2hlci00ODk5MDY=,47,4.8,1.8
733,Eva M Thury,English,342897,VGVhY2hlci0zNDI4OTc=,39,1.7,4.2
1112,Doreen A Saar,English,681462,VGVhY2hlci02ODE0NjI=,37,1.7,4.2
1135,Marina Potapova,Biological Sciences,2373179,VGVhY2hlci0yMzczMTc5,3,4.0,2.7
528,Meshagae E Hunte-Brown,Biology,1310417,VGVhY2hlci0xMzEwNDE3,69,4.3,2.5
1137,Neeti Bathala,Biological Sciences,3068240,VGVhY2hlci0zMDY4MjQw,1,5.0,1.0
1138,Robert Newby,Biology,3081051,VGVhY2hlci0zMDgxMDUx,1,4.0,2.0
1139,Nick A Procopio,,,,,,
1142,Michael P O'Connor,Biology,1619921,VGVhY2hlci0xNjE5OTIx,10,2.9,4.6
745,Tatyana Livshultz,,,,,,
1144,Jon K Gelhaus,Science,2780086,VGVhY2hlci0yNzgwMDg2,2,5.0,1.5
53,Sean O'Donnell,Biological Sciences,2664629,VGVhY2hlci0yNjY0NjI5,3,4.0,3.0
759,Andrew F Smith,Philosophy,1972086,VGVhY2hlci0xOTcyMDg2,8,4.4,1.1
1129,Jason D Weckstein,Biological Sciences,2572421,VGVhY2hlci0yNTcyNDIx,3,5.0,1.7
1148,Shelby Rinehart,,,,,,
1150,Danielle A Kreeger,,,,,,
754,Jacob A Russell,Biological Sciences,2578037,VGVhY2hlci0yNTc4MDM3,22,1.0,4.4
747,Gary Rosenberg,Biological Sciences,2454915,VGVhY2hlci0yNDU0OTE1,2,4.0,3.5
762,Brenda A Dyer,Languages,237985,VGVhY2hlci0yMzc5ODU=,22,4.8,2.4
760,Parfait Kouacou,Languages,2807560,VGVhY2hlci0yODA3NTYw,6,2.7,3.0
743,Michelle E Gannon,,,,,,
1128,David J Velinsky,,,,,,
1165,Loyc Vanderkluysen,Geology,2179454,VGVhY2hlci0yMTc5NDU0,7,3.9,3.1
1166,Jocelyn Sessa,Biological Sciences,2902791,VGVhY2hlci0yOTAyNzkx,8,1.1,4.5
553,Simone Schlichting-Artur,Languages,2780251,VGVhY2hlci0yNzgwMjUx,5,5.0,1.6
1174,Alberto E Morales,,,,,,
74,Joseph H Larnerd,Art History,2581370,VGVhY2hlci0yNTgxMzcw,9,4.9,2.6
785,Jonson W Miller,History,1102259,VGVhY2hlci0xMTAyMjU5,46,2.6,3.8
792,Kathryn Steen,History,2103773,VGVhY2hlci0yMTAzNzcz,5,3.8,4.0
1184,Tiago F Saraiva,,,,,,
794,Lloyd T Ackert,History,1011898,VGVhY2hlci0xMDExODk4,28,4.6,2.0
783,Jonathan W Seitz,History,963820,VGVhY2hlci05NjM4MjA=,22,3.4,3.5
1193,Alessandra Fumagalli,,,,,,
1197,Hiromi Koyama,Languages,1889045,VGVhY2hlci0xODg5MDQ1,7,4.9,3.9
802,Chihiro Williams,Japanese,3042078,VGVhY2hlci0zMDQyMDc4,1,5.0,1.0
803,Hyekyoung Jeon,,,,,,
807,Sunmi Jung J Oh,Languages,2840574,VGVhY2hlci0yODQwNTc0,5,4.4,2.2
797,Natalie N Mancini,Languages,3012763,VGVhY2hlci0zMDEyNzYz,2,5.0,2.0
1212,John Timlin,Communication,2997012,VGVhY2hlci0yOTk3MDEy,6,5.0,1.7
1213,William A Albertson,Humanities,2100608,VGVhY2hlci0yMTAwNjA4,25,4.4,3.2
1214,Marna A Mozeff,Mathematics,566310,VGVhY2hlci01NjYzMTA=,17,4.8,2.0
1217,Olga I Trubina,Mathematics,2346841,VGVhY2hlci0yMzQ2ODQx,33,1.9,4.2
811,Oksana P Odintsova,Mathematics,1109819,VGVhY2hlci0xMTA5ODE5,51,3.4,2.7
1224,Susanne B Kriete,Communication,1909604,VGVhY2hlci0xOTA5NjA0,15,3.7,2.5
1223,Patricia D Bobo,Mathematics,2752970,VGVhY2hlci0yNzUyOTcw,29,1.4,3.9
1235,Kumar S Virbhadra,Mathematics,2291604,VGVhY2hlci0yMjkxNjA0,43,3.4,3.7
1239,Anthony J D'Alesandro,Mathematics,2894107,VGVhY2hlci0yODk0MTA3,13,2.9,4.1
1237,Joel Pereira,Mathematics,2276772,VGVhY2hlci0yMjc2Nzcy,71,1.6,3.9
1241,Guang Yang,Mathematics,2053399,VGVhY2hlci0yMDUzMzk5,23,3.6,2.7
813,Richard D White,Mathematics,1087280,VGVhY2hlci0xMDg3Mjgw,58,3.5,3.5
1253,Daryl L Falco,Mathematics,911940,VGVhY2hlci05MTE5NDA=,65,4.7,2.9
814,Dimitri Papadopoulos,Mathematics,1669067,VGVhY2hlci0xNjY5MDY3,80,4.8,2.6
1257,Rolando Placeres Jimenez,Mathematics,2737934,VGVhY2hlci0yNzM3OTM0,9,1.3,4.2
1273,Jingni Xiao,Mathematics,2889494,VGVhY2hlci0yODg5NDk0,2,3.0,3.0
1221,Anatolii Grinshpan,Mathematics,959982,VGVhY2hlci05NTk5ODI=,53,3.9,3.2
1258,Andrew Klimas,Mathematics,2821692,VGVhY2hlci0yODIxNjky,31,4.6,2.8
1279,Xiaoming Song,Mathematics,2059142,VGVhY2hlci0yMDU5MTQy,9,4.3,3.0
1280,Yixin Guo,Mathematics,1060517,VGVhY2hlci0xMDYwNTE3,14,2.3,3.7
1276,Matthew J Ziemke,Mathematics,2346862,VGVhY2hlci0yMzQ2ODYy,37,3.9,2.7
1284,Fernando Carreon,Mathematics,2500986,VGVhY2hlci0yNTAwOTg2,29,4.2,3.0
812,Caitlin Klimas,Mathematics,2884425,VGVhY2hlci0yODg0NDI1,16,5.0,2.5
1290,Robert A Hicks,Mathematics,24342,VGVhY2hlci0yNDM0Mg==,17,4.5,1.9
1265,Ramesh Garimella,Mathematics,2962871,VGVhY2hlci0yOTYyODcx,10,3.1,3.3
1293,Jeanne M Steuber,Mathematics,755218,VGVhY2hlci03NTUyMTg=,52,4.1,2.4
822,Adam C Rickert,Mathematics,875880,VGVhY2hlci04NzU4ODA=,71,3.9,2.9
1242,Raymond J Favocci,Mathematics,1089481,VGVhY2hlci0xMDg5NDgx,62,4.3,2.6
1298,Boris L Kheyfets,Mathematics,1344889,VGVhY2hlci0xMzQ0ODg5,12,2.2,4.0
1299,Pok-Yin T Yu,Mathematics,1653178,VGVhY2hlci0xNjUzMTc4,9,2.8,3.9
1301,David M Ambrose,Mathematics,1803482,VGVhY2hlci0xODAzNDgy,5,4.6,3.0
820,Jason S Aran,Mathematics,1183606,VGVhY2hlci0xMTgzNjA2,65,4.6,2.7
1304,Jenny Chen,,,,,,
1305,June K Gordon,Mathematics,810201,VGVhY2hlci04MTAyMDE=,20,4.4,1.9
1307,Eric J Schmutz,Mathematics,1910038,VGVhY2hlci0xOTEwMDM4,14,1.6,2.7
1243,Jeffrey M LaComb,Mathematics,2542784,VGVhY2hlci0yNTQyNzg0,36,4.8,2.9
1288,Darij Grinberg,Mathematics,2863902,VGVhY2hlci0yODYzOTAy,3,2.3,3.7
1310,Benjamin C Boniece,Mathematics,2992997,VGVhY2hlci0yOTkyOTk3,2,4.5,3.5
1311,James E Pascoe,Mathematics,2954524,VGVhY2hlci0yOTU0NTI0,6,1.0,4.7
1312,Pawel Hitczenko,Mathematics,1699311,VGVhY2hlci0xNjk5MzEx,7,1.8,4.1
1303,Ronald K Perline,Mathematics,693947,VGVhY2hlci02OTM5NDc=,31,3.4,2.7
1314,Georgi Medvedev,Mathematics,2944861,VGVhY2hlci0yOTQ0ODYx,3,1.0,5.0
789,Toni F Pitock,History,2757782,VGVhY2hlci0yNzU3Nzgy,8,3.5,3.9
842,Joseph E McPeak,,,,,,
1320,Marilyn G Piety,,,,,,
1172,David S Seltzer,Philosophy,2315315,VGVhY2hlci0yMzE1MzE1,24,3.2,2.9
828,Amy S Bush,Philosophy,1030949,VGVhY2hlci0xMDMwOTQ5,45,1.6,3.9
1333,Alyssa Haney,Philosophy,2987936,VGVhY2hlci0yOTg3OTM2,4,4.5,2.3
826,Harper M Kirk,Philosophy,2394738,VGVhY2hlci0yMzk0NzM4,34,3.8,2.7
845,Eric F Fleming,Philosophy,1802507,VGVhY2hlci0xODAyNTA3,19,2.6,3.3
847,James A Stieb,Philosophy,1258700,VGVhY2hlci0xMjU4NzAw,12,2.6,2.6
851,Roger J Magyar,Philosophy,247509,VGVhY2hlci0yNDc1MDk=,36,3.0,2.9
839,Nathan T Hanna,Philosophy,2703275,VGVhY2hlci0yNzAzMjc1,6,4.0,2.0
850,Daniel P Touey,Philosophy,2502252,VGVhY2hlci0yNTAyMjUy,12,3.5,3.1
1317,Bryan K Sacks,English,2623020,VGVhY2hlci0yNjIzMDIw,4,5.0,2.5
831,Stacey E Ake,Philosophy,608345,VGVhY2hlci02MDgzNDU=,34,3.2,2.6
1347,Mercer Gary,,,,,,
840,Patrick M Denehy,Philosophy,2432114,VGVhY2hlci0yNDMyMTE0,11,4.5,2.1
833,Peter Amato,Philosophy,1253746,VGVhY2hlci0xMjUzNzQ2,47,2.3,4.3
1322,Carol A Mele,Philosophy,816598,VGVhY2hlci04MTY1OTg=,24,2.3,2.9
1351,Som D Tyagi,Physics,757709,VGVhY2hlci03NTc3MDk=,22,3.1,3.1
1362,Eric D Scheidly,Physics,1423059,VGVhY2hlci0xNDIzMDU5,25,4.0,2.5
1361,Rachael M Kratzer,Physics,2260310,VGVhY2hlci0yMjYwMzEw,19,4.0,3.2
1352,Nicholas J DiNardo,,,,,,
1359,Jesse Goldman,Physics,2720770,VGVhY2hlci0yNzIwNzcw,17,2.9,3.5
1380,Eric T Brewe,Physics,2343976,VGVhY2hlci0yMzQzOTc2,11,4.3,2.2
1381,Luis R Cruz Cruz,Physics,2734397,VGVhY2hlci0yNzM0Mzk3,3,5.0,3.0
1382,Michelle J Dolinski,Physics,2847103,VGVhY2hlci0yODQ3MTAz,1,5.0,4.0
1364,Frank A Ferrone,Physics,653237,VGVhY2hlci02NTMyMzc=,35,2.3,4.3
1372,Dave M Goldberg,,,,,,
1376,Goran T Karapetrov,Physics,2137299,VGVhY2hlci0yMTM3Mjk5,6,3.5,2.7
1374,Chuck Lane,,,,,,
1371,Naoko Kurahashi Neilson,,,,,,
1370,Russell G Neilson,,,,,,
1373,Gordon T Richards,Physics,2354840,VGVhY2hlci0yMzU0ODQw,5,4.2,3.8
1357,Niharika Sravan,,,,,,
1392,Brigita Urbanc,Physics,1991911,VGVhY2hlci0xOTkxOTEx,8,2.5,3.9
1393,Bryan VanSaders,Physics,3081787,VGVhY2hlci0zMDgxNzg3,1,2.0,5.0
1375,Jorn W Venderbos,,,,,,
1360,Michael S Vogeley,,,,,,
1412,Michael C Kaczmarczik,Science,2743529,VGVhY2hlci0yNzQzNTI5,1,3.0,2.0
1416,Dave Jervis,,,,,,
861,Sara K McGuire,Political Science,2982664,VGVhY2hlci0yOTgyNjY0,5,4.6,3.2
864,Jose A Tapia Granados,Political Science,2673798,VGVhY2hlci0yNjczNzk4,8,2.4,4.0
862,Sergei Kostiaev,,,,,,
1422,John Kounios,Psychology,1417079,VGVhY2hlci0xNDE3MDc5,15,3.9,2.5
1425,Carrie A Costa Frank,Psychology,2859614,VGVhY2hlci0yODU5NjE0,4,5.0,1.3
877,Nancy R Lee,,,,,,
1429,Paul C Gondek,Psychology,2350246,VGVhY2hlci0yMzUwMjQ2,4,4.0,2.5
1437,Hannah E Grosman,,,,,,
1435,Tiffany M Sylvestre,,,,,,
2299,Robert S Lazzaro,,,,,,
1441,Sughra A Husain,Psychology,2915318,VGVhY2hlci0yOTE1MzE4,4,5.0,1.3
1427,Megan L Meyer,Psychology,2432108,VGVhY2hlci0yNDMyMTA4,16,4.6,2.3
1449,Maria C O'Halloran,,,,,,
1455,Stephanie M Shiffler,,,,,,
878,Maureen Gibney,Psychology,733192,VGVhY2hlci03MzMxOTI=,33,4.1,2.1
1457,Pamela A Geller,,,,,,
876,Dorothy R Charbonnier,Psychology,1782658,VGVhY2hlci0xNzgyNjU4,42,3.3,2.4
875,Julie M Sluzenski,Psychology,1820096,VGVhY2hlci0xODIwMDk2,32,4.3,2.8
882,Ludo C Scheffer,Psychology,711799,VGVhY2hlci03MTE3OTk=,19,4.0,2.4
1461,Jennica M Janssen,Psychology,2399983,VGVhY2hlci0yMzk5OTgz,1,5.0,3.0
1462,Christina O Nash,Psychology,2354616,VGVhY2hlci0yMzU0NjE2,4,2.0,2.0
1463,Michael E Keesler,Psychology,2399980,VGVhY2hlci0yMzk5OTgw,4,4.3,3.3
1467,Michael R Lowe,Psychology,2752359,VGVhY2hlci0yNzUyMzU5,1,5.0,3.0
1468,Aaron Kucyi,,,,,,
1469,Meghan L Butryn,,,,,,
1470,Petra Kottsieper,,,,,,
1471,John D Medaglia,Psychology,3050776,VGVhY2hlci0zMDUwNzc2,5,5.0,1.2
1472,David S DeMatteo,,,,,,
1473,Kirk Heilbrun,Psychology,1985384,VGVhY2hlci0xOTg1Mzg0,3,3.7,2.3
1475,Kate N Devlin,Psychology,2773811,VGVhY2hlci0yNzczODEx,1,5.0,3.0
1476,Kristen Hawk-Purcell,,,,,,
1436,Stephanie M Manasse,,,,,,
1477,Maria T Schultheis,,,,,,
1481,John P Kuehne,,,,,,
1483,Richardson Dilworth,Political Science,1044849,VGVhY2hlci0xMDQ0ODQ5,13,2.8,3.5
896,Chloe B Silverman,,,,,,
601,Kris Unsworth,Criminal Justice,2724428,VGVhY2hlci0yNzI0NDI4,3,4.7,1.7
1494,Gorkem Dagdelen,Sociology,3053519,VGVhY2hlci0zMDUzNTE5,2,4.0,2.5
1492,Masako Endo,Sociology,2815366,VGVhY2hlci0yODE1MzY2,3,5.0,1.3
1173,Nada Matta,Sociology,2577773,VGVhY2hlci0yNTc3Nzcz,6,4.8,3.3
1487,Mary F Ebeling,Sociology,2350313,VGVhY2hlci0yMzUwMzEz,3,1.0,2.0
908,Jessica A Cohen,Sociology,2474220,VGVhY2hlci0yNDc0MjIw,23,4.6,1.8
1497,Shannon M Hitchcock,,,,,,
1488,Brad J Nabors,Sociology,2243715,VGVhY2hlci0yMjQzNzE1,45,3.9,3.3
903,Sarah S Hosman,Sociology,2530326,VGVhY2hlci0yNTMwMzI2,21,1.9,3.0
1512,Marlena P Cravens,,,,,,
921,Celeste D Mann,Languages,2521703,VGVhY2hlci0yNTIxNzAz,10,3.4,3.0
924,Maria de la luz Matus-Mendoza,Languages,1784600,VGVhY2hlci0xNzg0NjAw,15,2.2,4.0
884,Danette Morrison,Psychology,2241800,VGVhY2hlci0yMjQxODAw,35,3.5,2.9
1423,Lee L Rogers,Psychology,2835753,VGVhY2hlci0yODM1NzUz,6,5.0,2.0
1119,Jennifer D Yusin,English,1189686,VGVhY2hlci0xMTg5Njg2,17,2.0,4.0
127,Joseph H Hancock,Design,1182294,VGVhY2hlci0xMTgyMjk0,11,4.2,2.2
550,Nic John F Ramos,History,2960376,VGVhY2hlci0yOTYwMzc2,2,5.0,4.0
1528,Janel F McCloskey,,,,,,
1529,Libby P Feltis,,,,,,
1530,Emily Duvall,,,,,,
618,Daniel W Driscoll,Humanities,700520,VGVhY2hlci03MDA1MjA=,23,3.8,3.2
1518,Elizabeth Kimball,English,2461785,VGVhY2hlci0yNDYxNzg1,5,3.2,3.4
931,Scott Warnock,English,535995,VGVhY2hlci01MzU5OTU=,17,3.1,4.1
1101,Karen S Nulton,English,2108556,VGVhY2hlci0yMTA4NTU2,23,4.6,2.4
934,Lauren M Lowe,,,,,,
712,Miriam N Kotzin,English,535070,VGVhY2hlci01MzUwNzA=,7,3.0,2.7
640,Kathleen R Volk Miller,English,712908,VGVhY2hlci03MTI5MDg=,26,3.4,2.2
713,Scott A Stein,English,277626,VGVhY2hlci0yNzc2MjY=,23,4.0,3.4
950,Tom M Baselice,Accounting,3052733,VGVhY2hlci0zMDUyNzMz,8,5.0,1.8
1546,Dan Dai,Accounting,2914991,VGVhY2hlci0yOTE0OTkx,7,4.3,2.1
945,JT J Thazhathel,Business,2023089,VGVhY2hlci0yMDIzMDg5,55,4.9,2.9
1558,Gary Li,,,,,,
943,Xin Dai,Accounting,2231344,VGVhY2hlci0yMjMxMzQ0,20,3.7,3.5
1560,Chunlin Chen,,,,,,
936,Mary L Howard,Accounting,2570955,VGVhY2hlci0yNTcwOTU1,14,4.9,2.6
1568,Edward Cywinski,,,,,,
952,Barbara M Grein,Accounting,2927975,VGVhY2hlci0yOTI3OTc1,1,5.0,4.0
947,Maureen P Breen,Accounting,2384629,VGVhY2hlci0yMzg0NjI5,44,2.2,4.3
1563,Stephen B Bates,Accounting,2461643,VGVhY2hlci0yNDYxNjQz,9,3.1,3.7
1572,Hsihui Chang,,,,,,
1567,Hiu Lam Choy,Accounting,2096807,VGVhY2hlci0yMDk2ODA3,18,4.2,3.4
1576,Matthew J Reindorp,Decision Science,2391340,VGVhY2hlci0yMzkxMzQw,64,1.8,4.1
1577,Tao Xu,,,,,,
1581,Benjamin Lev,Accounting,1921698,VGVhY2hlci0xOTIxNjk4,20,2.3,3.7
1081,Anna G Devlin,Decision Science,2498688,VGVhY2hlci0yNDk4Njg4,17,4.5,2.9
1586,Jinwook Lee,Statistics,1972081,VGVhY2hlci0xOTcyMDgx,11,3.0,3.2
1589,Merrill W Liechty,Business,655849,VGVhY2hlci02NTU4NDk=,17,3.1,3.5
1592,David Gefen,,,,,,
1593,Yin Zhang,Economics,2892711,VGVhY2hlci0yODkyNzEx,3,5.0,2.0
970,Stephen Joyce,Economics,35370,VGVhY2hlci0zNTM3MA==,54,3.2,3.2
967,Pia Di Girolamo,Economics,2425255,VGVhY2hlci0yNDI1MjU1,18,2.8,3.6
975,Pat M Awerbuch,,,,,,
1606,Ioan Octavian Rusu,,,,,,
981,Constantinos Syropoulos,Economics,2646697,VGVhY2hlci0yNjQ2Njk3,6,2.0,4.7
969,Shawkat M Hammoudeh,Economics,1257113,VGVhY2hlci0xMjU3MTEz,20,3.6,2.5
1613,Teresa D Harrison,Economics,2705442,VGVhY2hlci0yNzA1NDQy,1,3.0,3.0
1595,Mian Dai,Economics,1674189,VGVhY2hlci0xNjc0MTg5,17,3.4,3.2
984,Sebastien J Bradley,Economics,1709157,VGVhY2hlci0xNzA5MTU3,29,2.9,3.4
1607,Ricardo Serrano-Padial,Economics,2938910,VGVhY2hlci0yOTM4OTEw,1,5.0,3.0
1608,Andre Kurmann,Economics,2238954,VGVhY2hlci0yMjM4OTU0,18,4.0,3.7
1599,Marco Airaudo,Economics,2106116,VGVhY2hlci0yMTA2MTE2,5,4.0,3.0
1624,Stephanie R Mayer,,,,,,
997,Jodi K Cataline,Business,924169,VGVhY2hlci05MjQxNjk=,59,4.8,2.1
3096,Cori R Gamber,,,,,,
1626,Wahib M Ghazni,Finance,2644976,VGVhY2hlci0yNjQ0OTc2,1,5.0,2.0
1627,Hugh J Gallagher,,,,,,
1628,Samuel H Szewczyk,Finance,2751567,VGVhY2hlci0yNzUxNTY3,1,4.0,1.0
1001,Jay Cai,,,,,,
1631,Daniel Dorn,Finance,589650,VGVhY2hlci01ODk2NTA=,10,4.9,3.7
1632,Kevin C Roche,Finance,2729212,VGVhY2hlci0yNzI5MjEy,2,2.0,4.0
1002,Maneesh L Chhabria,Business,2705439,VGVhY2hlci0yNzA1NDM5,21,2.1,3.5
1004,Martin R Thomas,Finance,2773350,VGVhY2hlci0yNzczMzUw,8,3.8,3.9
1640,Paolo F Volpin,Finance,2938625,VGVhY2hlci0yOTM4NjI1,2,3.0,4.5
1633,Naveen D Daniel,Finance,2390988,VGVhY2hlci0yMzkwOTg4,7,4.9,3.1
1087,Tricia J Robak,Finance,2986600,VGVhY2hlci0yOTg2NjAw,3,2.7,4.0
1638,Michelle B Lowry,Finance,3019286,VGVhY2hlci0zMDE5Mjg2,1,4.0,4.0
1646,Gregory P Nini,Finance,2742791,VGVhY2hlci0yNzQyNzkx,4,5.0,3.3
1649,Marisol Medina,Business,2645414,VGVhY2hlci0yNjQ1NDE0,6,4.3,2.2
1017,Chris P Finnin,,,,,,
1652,Eric E Rios,Not Specified,901279,VGVhY2hlci05MDEyNzk=,33,4.9,1.5
1655,Mary E Mawritz,Finance,2506784,VGVhY2hlci0yNTA2Nzg0,2,5.0,3.5
1656,Xavier M Johnson,Business,2824687,VGVhY2hlci0yODI0Njg3,2,5.0,2.5
1661,Bernard Rayca,Business,2058496,VGVhY2hlci0yMDU4NDk2,23,4.6,1.7
1045,Bang Jeon,Finance,2676558,VGVhY2hlci0yNjc2NTU4,6,3.8,3.0
1665,Ohyun Kwon,Economics,2599509,VGVhY2hlci0yNTk5NTA5,13,4.5,1.2
1047,Eydis E Olsen-Robinson,Business,2462724,VGVhY2hlci0yNDYyNzI0,36,3.9,1.8
1669,Richard P Freedman,Law,7888,VGVhY2hlci03ODg4,25,4.7,3.6
1670,Steven R Sher,Law,583705,VGVhY2hlci01ODM3MDU=,43,3.2,4.1
1674,Rebecca Lacher,,,,,,
1672,Leslie Kramer,Law,2845072,VGVhY2hlci0yODQ1MDcy,23,4.8,2.9
1667,Andrew S Genetta,Law,718558,VGVhY2hlci03MTg1NTg=,86,4.8,3.1
1677,Natalie B Pedersen,Law,2452952,VGVhY2hlci0yNDUyOTUy,7,4.1,2.7
1678,Stanley K Ridgley,Business,2253775,VGVhY2hlci0yMjUzNzc1,17,4.8,2.4
1682,Dan Castle,,,,,,
1657,David B Kurz,Management,2143203,VGVhY2hlci0yMTQzMjAz,5,4.0,1.8
1658,Murugan Anandarajan,Business,608050,VGVhY2hlci02MDgwNTA=,7,4.4,2.6
1686,Seojin Kim,,,,,,
1688,Homer Jamasbi,Business,2602141,VGVhY2hlci0yNjAyMTQx,13,2.7,2.5
1689,Daniel Albert,Management,2576443,VGVhY2hlci0yNTc2NDQz,7,3.3,3.9
1690,Michelle Wilkes,,,,,,
1691,Vadake K Narayanan,Management,2705441,VGVhY2hlci0yNzA1NDQx,1,3.0,3.0
1692,Dali Ma,Business,1660992,VGVhY2hlci0xNjYwOTky,2,4.5,3.0
1060,Suresh Chandran,Management,2877206,VGVhY2hlci0yODc3MjA2,2,5.0,1.5
1057,Rajiv Nag,Business,2890157,VGVhY2hlci0yODkwMTU3,3,5.0,3.3
1053,Daniel Tzabbar,Management,1803043,VGVhY2hlci0xODAzMDQz,8,3.2,2.9
1681,Jeongsik Lee,Management,2576442,VGVhY2hlci0yNTc2NDQy,7,2.1,4.0
1575,AJ Raven,Information Science,2773256,VGVhY2hlci0yNzczMjU2,56,3.8,2.6
1701,Kapil Ladha,,,,,,
1062,Bruce A Pashko,Business,2650920,VGVhY2hlci0yNjUwOTIw,6,4.5,2.7
1702,Qizhi Dai,Decision Science,2773405,VGVhY2hlci0yNzczNDA1,3,4.3,2.3
1708,Orakwue B Arinze,Decision Science,2838920,VGVhY2hlci0yODM4OTIw,1,5.0,2.0
1709,Marina E Johnson,,,,,,
1711,Xinyue Liu,,,,,,
1713,Alexa Schlyfestone,,,,,,
1710,Chenyu Yu,,,,,,
1715,Jillian L Hmurovic,Marketing,2762711,VGVhY2hlci0yNzYyNzEx,12,4.8,2.0
1071,Gil Peleg,,,,,,
1717,Boryana V Dimitrova,Marketing,2054724,VGVhY2hlci0yMDU0NzI0,16,2.5,2.3
1726,Lawrence K Duke,Management,2806544,VGVhY2hlci0yODA2NTQ0,3,2.3,3.0
1730,Michaela M Draganska,Marketing,2114561,VGVhY2hlci0yMTE0NTYx,7,1.6,4.9
1724,Trina L Andras,,,,,,
1075,Elea M Feit,Marketing,2499711,VGVhY2hlci0yNDk5NzEx,5,5.0,2.8
1718,YanLiu Huang,Marketing,2596500,VGVhY2hlci0yNTk2NTAw,2,5.0,2.0
963,Min Wang,Business,2050498,VGVhY2hlci0yMDUwNDk4,32,3.0,3.6
1736,Timothy F Jordan,,,,,,
1077,Seung-Lae Kim,Decision Science,2576445,VGVhY2hlci0yNTc2NDQ1,6,3.7,3.7
1578,Hande Y Benson,Business,1925726,VGVhY2hlci0xOTI1NzI2,7,3.1,3.7
1741,Snehal Hora,,,,,,
1740,So Young Choi,,,,,,
1647,Susan A Epstein,Business,2517924,VGVhY2hlci0yNTE3OTI0,8,4.8,1.5
1728,Carl A Francis,Management,2228398,VGVhY2hlci0yMjI4Mzk4,6,3.8,1.7
1084,Cuneyt Gozu,Management,2157555,VGVhY2hlci0yMTU3NTU1,17,4.4,2.5
1753,Avijit Banerjee,Business,1467210,VGVhY2hlci0xNDY3MjEw,12,1.5,4.4
1579,Edward D Arnheiter,Statistics,2779124,VGVhY2hlci0yNzc5MTI0,2,3.5,2.5
1587,Wenjing Shen,Business,2771807,VGVhY2hlci0yNzcxODA3,5,3.6,2.2
1757,Fariborz Y Partovi,Business,640887,VGVhY2hlci02NDA4ODc=,17,1.4,4.2
1704,Samir N Shah,Management,2357119,VGVhY2hlci0yMzU3MTE5,24,4.3,1.8
1760,Simon Cleveland,,,,,,
1758,Patrick J O'Brien,,,,,,
1088,Edward S Falkowski,,,,,,
1083,Carter W Murdoch,Business,2984163,VGVhY2hlci0yOTg0MTYz,30,4.8,2.5
1766,Robin Flagler,,,,,,
1089,Jeff F Levine,Management,2986597,VGVhY2hlci0yOTg2NTk3,3,4.0,3.3
1092,Angelise Stuhl,,,,,,
1774,Joel G Maxcy,,,,,,
1583,Christopher T Gaffney,Statistics,2115094,VGVhY2hlci0yMTE1MDk0,22,4.1,3.0
1781,Brett M Burchette,,,,,,
1777,Molly A Sweeney,,,,,,
1767,Lawrence B Cohen,Business,2550361,VGVhY2hlci0yNTUwMzYx,4,4.8,2.5
1098,Jonathan A Liss,,,,,,
1784,Stacy A Kline,Accounting,969199,VGVhY2hlci05NjkxOTk=,21,3.8,4.0
1787,Tony P Curatola,Accounting,913154,VGVhY2hlci05MTMxNTQ=,6,3.8,4.0
1788,Michelle D Pearl,,,,,,
1789,Lisa P Stanwyck,Business,2774684,VGVhY2hlci0yNzc0Njg0,1,4.0,2.0
3098,Samantha R Werman,,,,,,
1790,Brittany H Root,Student Services,2776177,VGVhY2hlci0yNzc2MTc3,14,4.6,1.2
1791,Allie Bijowski,,,,,,
1090,Sarah C Napoli,Management,2914550,VGVhY2hlci0yOTE0NTUw,3,5.0,1.3
1793,Kerrivah T Heard,,,,,,
1794,Ken C Bohrer,,,,,,
1795,Masuma Salam,Business,2947746,VGVhY2hlci0yOTQ3NzQ2,1,5.0,5.0
1796,Camille A Harris,,,,,,
1797,Jaylynn Dixon,Student Services,2986598,VGVhY2hlci0yOTg2NTk4,1,5.0,2.0
1798,Michael J Lupo,,,,,,
1799,Mary C Shiffer,,,,,,
1800,Christian J Maxey,Business,2854580,VGVhY2hlci0yODU0NTgw,8,4.9,1.0
1452,Maya L Stallings,Social Work,2987551,VGVhY2hlci0yOTg3NTUx,1,5.0,1.0
1804,Dionne C Gordon-Starks,Student Services,2637660,VGVhY2hlci0yNjM3NjYw,3,1.0,5.0
1805,Porsche S Johnson,,,,,,
1806,Sierra A Andrew,,,,,,
1807,Raven A Holloway,,,,,,
1808,Kyle R Mcmillen,,,,,,
1809,Kathryn F Hughes,,,,,,
1810,Becky LeFevre,,,,,,
1811,Ashley N Archer,,,,,,
1812,Yuen Zhou,,,,,,
1813,Rayna Hughes,Family Studies & Social Work,2894782,VGVhY2hlci0yODk0Nzgy,3,1.0,1.0
1814,Laurie J Lenz,,,,,,
1815,Kimberly M Williams,,,,,,
1802,Terrance I Harris,,,,,,
1817,Adam L Zahn,English,2941017,VGVhY2hlci0yOTQxMDE3,4,5.0,1.8
1818,Judy D Walterson,,,,,,
1819,Zoraida Cordero,Communication,2873381,VGVhY2hlci0yODczMzgx,2,4.5,1.0
1821,Scott M Quitel,Business,2600130,VGVhY2hlci0yNjAwMTMw,7,3.4,2.0
1826,Chuck N Sacco,Business,3035700,VGVhY2hlci0zMDM1NzAw,3,5.0,2.3
1823,Robert L Morier,Business,3080575,VGVhY2hlci0zMDgwNTc1,1,5.0,1.0
1830,Barrie E Litzky,Business,3035727,VGVhY2hlci0zMDM1NzI3,3,1.0,4.0
1828,Zahed Subhan,Business,2098424,VGVhY2hlci0yMDk4NDI0,4,5.0,1.5
987,John H Wilson,Business,2771884,VGVhY2hlci0yNzcxODg0,11,2.6,3.7
1829,Damian Salas,Business,2680735,VGVhY2hlci0yNjgwNzM1,4,5.0,2.3
1109,Adelaida A Medlock,Computer Science,813841,VGVhY2hlci04MTM4NDE=,56,2.2,3.5
1111,Yusuf Osmanlioglu,Computer Science,2724440,VGVhY2hlci0yNzI0NDQw,15,4.5,4.2
1122,Joseph A Gallego Mejia,Computer Science,3028198,VGVhY2hlci0zMDI4MTk4,2,3.5,3.0
1862,Steve Earth,Computer Science,2622416,VGVhY2hlci0yNjIyNDE2,32,2.4,4.4
1117,Kurt Schmidt,Computer Science,435636,VGVhY2hlci00MzU2MzY=,78,2.2,4.1
1133,Tiffany Do,,,,,,
1874,Jenn A Engimann,,,,,,
1885,Jeff K Salvage,Computer Science,756839,VGVhY2hlci03NTY4Mzk=,15,3.6,3.0
1887,Samantha R Bewley,Computer Science,2972701,VGVhY2hlci0yOTcyNzAx,1,2.0,4.0
1890,Benji Lilley,,,,,,
1175,Nadya B Sultanik,Computer Science,2939644,VGVhY2hlci0yOTM5NjQ0,9,1.9,4.2
1126,Brian S Mitchell,Computer Science,2836246,VGVhY2hlci0yODM2MjQ2,6,4.2,3.5
1899,Sam M Bever,Computer Science,2672839,VGVhY2hlci0yNjcyODM5,3,5.0,2.0
1179,Sean P Grimes,Computer Science,2706967,VGVhY2hlci0yNzA2OTY3,15,4.3,3.7
1876,Matthew J Burlick,Computer Science,2152203,VGVhY2hlci0yMTUyMjAz,21,3.6,3.1
1141,Ehsan B Khosroshahi,Computer Science,2666934,VGVhY2hlci0yNjY2OTM0,3,4.7,3.3
1176,Preetha Chatterjee,Computer Science,2726032,VGVhY2hlci0yNzI2MDMy,12,4.0,3.7
1893,Shahin Jabbari,,,,,,
1933,Ali Shokoufandeh,,,,,,
1882,Eric Sun,,,,,,
1923,Harry Zhang,,,,,,
1924,David E Breen,Computer Science,1885696,VGVhY2hlci0xODg1Njk2,5,2.6,4.0
1145,Vasilis Gkatzelis,Computer Science,2339200,VGVhY2hlci0yMzM5MjAw,6,5.0,3.7
1183,Colin S Gordon,,,,,,
1120,Jeremy R Johnson,Computer Science,2311063,VGVhY2hlci0yMzExMDYz,7,3.1,3.7
1911,Edward Kim,,,,,,
1883,Spiros Mancoridis,,,,,,
1943,Santiago Ontanon,,,,,,
1917,Manolis Pountourakis,,,,,,
1945,Kaidi Xu,Computer Science,2968408,VGVhY2hlci0yOTY4NDA4,2,4.5,2.5
1948,David J Comroe,Computer Science,2672913,VGVhY2hlci0yNjcyOTEz,3,3.3,3.3
1951,David A Appelbaum,,,,,,
1151,Emanuel S Lazar,Computer Science,3020713,VGVhY2hlci0zMDIwNzEz,3,2.0,2.3
1952,Michelle A Tarbutton,Information Science,2750933,VGVhY2hlci0yNzUwOTMz,11,4.8,1.2
1959,Natasha Staples,Computer Science,2688163,VGVhY2hlci0yNjg4MTYz,2,5.0,2.5
1147,Chris J Carroll,Information Science,1977502,VGVhY2hlci0xOTc3NTAy,14,4.9,2.1
1949,Hengyi M Chu,,,,,,
1143,Tammy R Pirmann,Computer Science,2558088,VGVhY2hlci0yNTU4MDg4,76,1.7,3.3
1982,Milad Toutounchian,Information Science,2764268,VGVhY2hlci0yNzY0MjY4,42,4.4,2.6
1995,Michael S Cordano,Computer Science,2796899,VGVhY2hlci0yNzk2ODk5,8,5.0,2.3
1983,Bhupesh Y Shetty,Information Science,2612284,VGVhY2hlci0yNjEyMjg0,13,4.5,3.2
2002,Erica J Racine,,,,,,
1157,Lei Wang,Computer Science,2764267,VGVhY2hlci0yNzY0MjY3,2,2.5,2.5
2004,Jwawon Seo,,,,,,
252,Josh G Gdovin,Graphic Arts,2600882,VGVhY2hlci0yNjAwODgy,7,2.1,4.0
2006,Mike J Galloway,Information Science,3077515,VGVhY2hlci0zMDc3NTE1,1,5.0,3.0
1164,Pragati Awasthi,Information Science,3077519,VGVhY2hlci0zMDc3NTE5,1,5.0,1.0
2019,Wendy Khoo,,,,,,
2021,Katie A Zellner,,,,,,
2016,Yuan An,Information Science,2797629,VGVhY2hlci0yNzk3NjI5,6,4.8,2.2
1158,Andrew J Kane,Information Science,2442491,VGVhY2hlci0yNDQyNDkx,35,4.7,1.6
2025,Lee S Karpo,,,,,,
1160,Hegler Correa Tissot,Computer Science,2711796,VGVhY2hlci0yNzExNzk2,20,3.1,3.9
2022,Joseph D Adair,Information Science,2689313,VGVhY2hlci0yNjg5MzEz,5,5.0,2.4
2029,Charles Dorner,,,,,,
1962,Christopher L Stevens,Computer Science,2775886,VGVhY2hlci0yNzc1ODg2,6,4.7,2.3
2031,Spencer L Hopkins,Computer Science,2733242,VGVhY2hlci0yNzMzMjQy,3,5.0,2.0
1153,Andrew W Calhoun,Information Science,3029681,VGVhY2hlci0zMDI5Njgx,1,2.0,3.0
2038,Scott McClellan,,,,,,
1162,Bo Song,Information Science,2700769,VGVhY2hlci0yNzAwNzY5,24,2.0,3.4
2000,Il-Yeol Song,Information Science,957870,VGVhY2hlci05NTc4NzA=,11,3.8,3.6
1171,Shruti V Phadke,,,,,,
2048,Chad E Peiper,Computer Science,2734806,VGVhY2hlci0yNzM0ODA2,13,4.2,3.2
2050,Melvin E Moore,,,,,,
2052,Chaomei Chen,Accounting,2711397,VGVhY2hlci0yNzExMzk3,4,4.5,3.5
2040,Jung-Ran Park,Library & Information Science,1296385,VGVhY2hlci0xMjk2Mzg1,14,4.1,3.4
2061,Jeff E Bullard,,,,,,
2064,Prateek Goel,,,,,,
2066,Karthik Seetharama Bhat,,,,,,
1161,Tim J Gorichanaz,Information Science,2462835,VGVhY2hlci0yNDYyODM1,14,4.4,3.3
2036,Heather L Willever-Farr,,,,,,
2072,Mary M Lucas,,,,,,
2055,Michael D Ekstrand,,,,,,
2057,Jane Greenberg,,,,,,
1170,Xiaohua Hu,Information Science,903316,VGVhY2hlci05MDMzMTY=,9,1.9,4.2
2018,Weimao Ke,Computer Science,2669796,VGVhY2hlci0yNjY5Nzk2,6,4.0,3.5
2012,Mat R Kelly,Computer Science,2894777,VGVhY2hlci0yODk0Nzc3,2,4.5,2.0
2078,Helena Mentis,,,,,,
1156,Alexander H Poole,Information Science,2833092,VGVhY2hlci0yODMzMDky,1,4.0,5.0
2044,Afsaneh Razi,,,,,,
2032,Shadi Rezapour,Computer Science,2787557,VGVhY2hlci0yNzg3NTU3,4,2.0,3.5
1970,Michelle L Rogers,Information Science,1364532,VGVhY2hlci0xMzY0NTMy,8,2.2,2.1
2062,Aleksandra Sarcevic,Information Science,1754421,VGVhY2hlci0xNzU0NDIx,4,1.8,2.5
2017,John S Seberger,Information Science,2898208,VGVhY2hlci0yODk4MjA4,5,5.0,2.2
2085,Rosina O Weber,Information Science,1462799,VGVhY2hlci0xNDYyNzk5,11,1.6,4.0
1985,Jake Williams,,,,,,
1974,Erjia Yan,Library  Information Science,2100295,VGVhY2hlci0yMTAwMjk1,18,1.6,3.3
2088,Christopher C Yang,Information Science,1993340,VGVhY2hlci0xOTkzMzQw,2,2.5,3.0
2089,Reza Moradinezhad,Computer Science,2729408,VGVhY2hlci0yNzI5NDA4,12,1.8,3.8
1925,Yuanfang Cai,,,,,,
1181,Filippos I Vokolos,Computer Science,1940069,VGVhY2hlci0xOTQwMDY5,15,2.5,2.9
1963,Gregory W Hislop,Computer Science,2805770,VGVhY2hlci0yODA1Nzcw,1,3.0,3.0
2097,Mq Quraishi,,,,,,
2098,Thomas M Shortell,Information Science,2698578,VGVhY2hlci0yNjk4NTc4,2,1.0,3.5
1685,Ram Arthanari,Management,2945332,VGVhY2hlci0yOTQ1MzMy,5,5.0,2.4
1903,Trip E Denton,,,,,,
1981,Briana Green,Computer Science,2947960,VGVhY2hlci0yOTQ3OTYw,2,3.0,1.0
2107,Alexis M Pinto,,,,,,
2105,Antonia M Hannon,,,,,,
2111,Kristy L Eells,,,,,,
2110,Alla Fedosenko,,,,,,
2106,William T Ahern,Computer Science,2284507,VGVhY2hlci0yMjg0NTA3,28,3.6,1.9
1189,James J Lo,,,,,,
2116,Terry E Herr,,,,,,
129,Michael S Waring,,,,,,
2119,Jin Wen,Engineering,2674665,VGVhY2hlci0yNjc0NjY1,1,3.0,3.0
2124,Aviel Chaimovich,Engineering,2559035,VGVhY2hlci0yNTU5MDM1,21,3.3,3.3
1198,Mike C Grady,,,,,,
1192,Matthew A McDonald,,,,,,
2122,Nicolas J Alvarez,Engineering,2054412,VGVhY2hlci0yMDU0NDEy,5,3.0,4.2
2126,Joshua D Snyder,Chemical Engineering,2524805,VGVhY2hlci0yNTI0ODA1,4,2.3,4.0
2138,Joshua Lequieu,Chemical Engineering,2679602,VGVhY2hlci0yNjc5NjAy,3,5.0,4.0
2123,Richard A Cairncross,,,,,,
1194,Masoud Soroush,,,,,,
776,Aaron T Fafarman,Engineering,1893260,VGVhY2hlci0xODkzMjYw,8,4.6,3.0
2120,Peter Deak,Engineering,2977791,VGVhY2hlci0yOTc3Nzkx,2,5.0,2.0
1210,Robert H Swan,Engineering,2022416,VGVhY2hlci0yMDIyNDE2,6,1.8,3.8
2152,Shannon L Capps,Engineering,2461385,VGVhY2hlci0yNDYxMzg1,46,1.7,4.2
1218,Miguel A Pando,,,,,,
2156,Abieyuwa O Aghayere,Engineering,2018663,VGVhY2hlci0yMDE4NjYz,8,2.5,3.6
2154,Franco A Montalto,Engineering,2562010,VGVhY2hlci0yNTYyMDEw,1,3.0,5.0
2162,Shi-Chieh Cheng,,,,,,
1226,Adams E Rackes,Engineering,2888485,VGVhY2hlci0yODg4NDg1,1,4.0,2.0
2172,Xi Wang,,,,,,
2170,Kathleen M Short,Engineering,2938983,VGVhY2hlci0yOTM4OTgz,4,4.3,2.0
2180,Matt D Morettini,,,,,,
2174,Christine M Fiori,,,,,,
2173,Charles W Cook,,,,,,
2184,Karkal S Prabhu,,,,,,
1231,Chris J Dafis,,,,,,
2202,Kevin J Scoles,,,,,,
1238,Fernand S Cohen,Engineering,356323,VGVhY2hlci0zNTYzMjM=,11,2.6,4.4
2206,Allon Guez,,,,,,
1247,Leonid Hrebien,Medicine,960354,VGVhY2hlci05NjAzNTQ=,19,2.4,3.7
2199,Christopher W Peters,Engineering,1227312,VGVhY2hlci0xMjI3MzEy,37,4.7,2.8
2240,P Mohana Shankar,,,,,,
1269,Bahram Nabet,Engineering,635496,VGVhY2hlci02MzU0OTY=,9,2.8,4.3
2187,Jaudelice C de Oliveira,Engineering,2804293,VGVhY2hlci0yODA0Mjkz,1,1.0,4.0
2211,Somayeh Keshavarzdarolkalaei,,,,,,
1877,Geoffrey B Mainland,Computer Science,2446149,VGVhY2hlci0yNDQ2MTQ5,9,4.1,3.6
2191,Andrew R Cohen,Engineering,1910040,VGVhY2hlci0xOTEwMDQw,18,1.3,4.6
1878,Kapil R Dandekar,Engineering,1721154,VGVhY2hlci0xNzIxMTU0,1,5.0,3.0
1275,Afshin S Daryoush,Engineering,1828651,VGVhY2hlci0xODI4NjUx,4,4.0,4.8
2192,Anup Das,Engineering,2861969,VGVhY2hlci0yODYxOTY5,11,3.8,3.8
2262,David K Han,,,,,,
1245,Nagarajan Kandasamy,Engineering,1910037,VGVhY2hlci0xOTEwMDM3,9,3.3,3.0
2274,Youngmoo E Kim,Engineering,1509605,VGVhY2hlci0xNTA5NjA1,3,3.3,3.3
1236,Karen Miu Miller,,,,,,
1271,Ioannis Savidis,Engineering,2601973,VGVhY2hlci0yNjAxOTcz,4,3.0,3.5
1268,Matthew C Stamm,Engineering,2992205,VGVhY2hlci0yOTkyMjA1,1,5.0,3.0
1244,Baris Taskin,Engineering,1509609,VGVhY2hlci0xNTA5NjA5,14,4.7,2.9
1262,John M Walsh,Engineering,961230,VGVhY2hlci05NjEyMzA=,6,3.0,3.8
2281,Steve P Weber,Engineering,2639103,VGVhY2hlci0yNjM5MTAz,4,3.8,3.8
2250,Lifeng Zhou,,,,,,
1220,Zhiwei Chen,,,,,,
2209,Thomas A Chmielewski,Engineering,895001,VGVhY2hlci04OTUwMDE=,9,3.6,3.2
2289,James K Lill,Engineering,3015190,VGVhY2hlci0zMDE1MTkw,1,3.0,3.0
2290,James C Deiner,Accounting,2092804,VGVhY2hlci0yMDkyODA0,18,4.9,1.8
2286,Ali Hasan,,,,,,
2291,Carlo S Ciliberti,,,,,,
1330,Juan O De La Fuente Valadez,Engineering,3029233,VGVhY2hlci0zMDI5MjMz,1,1.0,5.0
2304,Grace G Hsuan,Engineering,1922740,VGVhY2hlci0xOTIyNzQw,4,3.3,3.0
2133,Amir Farnam,,,,,,
1203,Jason B Baxter,Engineering,1781313,VGVhY2hlci0xNzgxMzEz,5,2.8,4.2
2317,Bruce A Eisenstein,Engineering,2858864,VGVhY2hlci0yODU4ODY0,1,4.0,3.0
1263,Prawat Nagvajara,Engineering,132121,VGVhY2hlci0xMzIxMjE=,15,2.3,2.7
1256,Gennady Friedman,Engineering,2946391,VGVhY2hlci0yOTQ2Mzkx,2,1.0,4.5
2178,Johanna P Casale,Engineering,2613588,VGVhY2hlci0yNjEzNTg4,17,2.8,2.0
2353,Charles N Haas,Engineering,974506,VGVhY2hlci05NzQ1MDY=,5,2.8,3.0
1207,Joseph B Hughes,Engineering,2562013,VGVhY2hlci0yNTYyMDEz,3,4.3,2.7
1186,Matt C Reichenbach,Engineering,2738132,VGVhY2hlci0yNzM4MTMy,10,5.0,3.2
2355,Amanda Carneiro Marques,,,,,,
1191,Fernanda Campos da Cruz Rios,,,,,,
2165,Michael O Ryan,Mathematics,2340583,VGVhY2hlci0yMzQwNTgz,51,1.5,4.3
2363,Michael J Vincent,Engineering,2672184,VGVhY2hlci0yNjcyMTg0,2,1.0,3.0
2364,Richard Y Chiou,Engineering,2656730,VGVhY2hlci0yNjU2NzMw,3,2.3,3.3
2367,Irina N Ciobanescu Husanu,Engineering,2767192,VGVhY2hlci0yNzY3MTky,1,2.0,3.0
2374,Aidan McMoil,,,,,,
2380,Mohamed A Ibrahim,,,,,,
2378,Autumn L Kelly,,,,,,
1306,Chris M Weyant,Materials Science,1991914,VGVhY2hlci0xOTkxOTE0,17,4.7,2.4
2370,Richard Knight,Engineering,967117,VGVhY2hlci05NjcxMTc=,21,3.4,3.8
2392,Wei-Heng Shih,Materials Science,3031905,VGVhY2hlci0zMDMxOTA1,2,1.0,5.0
1309,Caroline L Schauer,Engineering,565373,VGVhY2hlci01NjUzNzM=,6,3.1,2.2
2396,Hao Cheng,,,,,,
2389,Ekaterina Pomerantseva,,,,,,
1302,Yong-Jie Hu,,,,,,
2391,Jill Wenderott,,,,,,
1308,Antonios Zavaliangos,Engineering,132370,VGVhY2hlci0xMzIzNzA=,6,3.7,4.7
1295,Andrew J Magenau,,,,,,
1291,Michel W Barsoum,Materials Science,996004,VGVhY2hlci05OTYwMDQ=,3,4.7,4.0
2142,Christopher Li,,,,,,
1289,Steven J May,Materials Science,3031907,VGVhY2hlci0zMDMxOTA3,1,5.0,1.0
2418,Jonathan Awerbuch,Engineering,1329594,VGVhY2hlci0xMzI5NTk0,16,2.7,4.4
2423,Joshua C Agar,Engineering,2878231,VGVhY2hlci0yODc4MjMx,14,2.9,3.6
2438,Matthew McCarthy,Engineering,2208115,VGVhY2hlci0yMjA4MTE1,12,2.9,3.5
2433,David L Miller,Engineering,1544817,VGVhY2hlci0xNTQ0ODE3,21,1.2,4.9
2449,Pete J Clelland,Engineering,2674659,VGVhY2hlci0yNjc0NjU5,3,3.7,3.7
1313,Andrei G Jablokow,Engineering,2084580,VGVhY2hlci0yMDg0NTgw,15,3.7,3.1
1337,Dimitrios Fafalis,,,,,,
2310,Gongyao Zhou,Engineering,2745162,VGVhY2hlci0yNzQ1MTYy,3,3.0,3.3
2457,Ajmal Yousuff,Engineering,2278766,VGVhY2hlci0yMjc4NzY2,8,3.8,3.4
1316,Jennifer S Atchison,Engineering,2737579,VGVhY2hlci0yNzM3NTc5,8,1.4,2.5
1278,Adam Fontecchio,,,,,,
2463,Alessia Polemi,Engineering,2727407,VGVhY2hlci0yNzI3NDA3,1,5.0,3.0
1323,Young I Cho,Engineering,585965,VGVhY2hlci01ODU5NjU=,10,4.5,2.8
2467,Wesley Chang,,,,,,
2420,Alan C Lau,Engineering,2701704,VGVhY2hlci0yNzAxNzA0,3,4.3,4.0
2466,Yue Zheng,,,,,,
2455,Patrick L Gurian,Engineering,1768971,VGVhY2hlci0xNzY4OTcx,1,5.0,3.0
2430,Bakhtier Farouk,Engineering,259176,VGVhY2hlci0yNTkxNzY=,28,3.3,3.4
2439,Alexander Fridman,Engineering,2856192,VGVhY2hlci0yODU2MTky,1,5.0,2.0
2450,Li-Hsin Han,,,,,,
2434,Emin C Kumbur,Engineering,2574746,VGVhY2hlci0yNTc0NzQ2,4,4.3,2.3
2479,Ahmad R Najafi,Engineering,2985227,VGVhY2hlci0yOTg1MjI3,4,3.5,3.8
2312,James L Tangorra,Engineering,2468408,VGVhY2hlci0yNDY4NDA4,4,2.8,4.3
2398,Yury Gogotsi,Engineering,950315,VGVhY2hlci05NTAzMTU=,4,2.3,3.0
1200,Maureen H Tang,Engineering,2064655,VGVhY2hlci0yMDY0NjU1,9,2.2,3.8
2148,Arvin Ebrahimkhanlou,,,,,,
2442,Bor-Chin Chang,,,,,,
1329,Euisun Kim,Engineering,2922754,VGVhY2hlci0yOTIyNzU0,2,5.0,2.5
1390,Jonathan E Spanier,Engineering,481364,VGVhY2hlci00ODEzNjQ=,10,1.6,4.5
2288,Donald G Fehlinger,,,,,,
1219,Mira Olson,Engineering,1152719,VGVhY2hlci0xMTUyNzE5,5,4.9,3.6
2491,Rick A Grandrino,,,,,,
2293,Liang Zhang,,,,,,
2501,Renee' H Moore,,,,,,
1486,Lucy F Robinson,,,,,,
2505,Harrison S Quick,,,,,,
2508,Kofoworola D Williams,,,,,,
2512,Laura S Smallcomb,,,,,,
2509,Nancy E Epstein,,,,,,
2515,Luis A Valdez,,,,,,
2519,Kati A Hinman,,,,,,
2521,Elizabeth McGhee Hassrick,,,,,,
2514,Danielle Clark,,,,,,
1479,Bertranna Muruthi,,,,,,
2523,Allison K Groves,,,,,,
2528,Irene E Headen,,,,,,
2529,Ann C Klassen,,,,,,
2530,Stephen E Lankenau,,,,,,
2517,Ana P Martinez-Donate,Public Health,2996932,VGVhY2hlci0yOTk2OTMy,2,1.0,4.5
2532,Alexis M Roth,,,,,,
2510,Elizabeth S Valdez,Public Health,3052776,VGVhY2hlci0zMDUyNzc2,2,1.0,3.0
2525,Amy Carroll-Scott,,,,,,
2536,Renee M Turchi,,,,,,
2526,Alex C Ezeh,,,,,,
2541,Leah H Schinasi,,,,,,
2542,Carol Ann Gross-Davis,,,,,,
2543,Ericka L Kalp,,,,,,
2546,Thomas Hipper,,,,,,
2539,Jane E Clougherty,,,,,,
2551,Anneclaire J De Roos,,,,,,
2556,Jana A Hirsch,,,,,,
2495,Michael T LeVasseur,Public Health,2742928,VGVhY2hlci0yNzQyOTI4,3,2.3,3.7
2503,Brisa N Sanchez Loya,,,,,,
2499,Aritra Halder,,,,,,
2568,Stephanie M Hernandez,,,,,,
2569,Sharrelle M Barber,,,,,,
2494,Issa F Zakeri,,,,,,
2554,Amy H Auchincloss,,,,,,
2575,Usama Bilal,,,,,,
2576,Ana Diez Roux,,,,,,
2577,Neal Goldstein,,,,,,
2573,Felice Z Le-Scherban,,,,,,
2559,Longjian Liu,Public Health,2888694,VGVhY2hlci0yODg4Njk0,3,3.7,2.0
2580,Brian K Lee,,,,,,
2581,Gina S Lovasi,,,,,,
2582,Nora L Lee,,,,,,
2583,Kristen L Dodge,,,,,,
2562,Ayden I Scheim,,,,,,
2586,Yvonne L Michael,,,,,,
2591,Gabriel Schwartz,,,,,,
2598,James W Buehler,,,,,,
2600,Amber Watson,,,,,,
2589,Alina Schnake-Mahl,,,,,,
2588,Adaobi G Anakwe,,,,,,
2516,Randall L Sell,,,,,,
1485,Sandra L Bloom,Public Health,2737170,VGVhY2hlci0yNzM3MTcw,6,4.7,2.2
2547,Jennifer A Taylor,Public Health,2681647,VGVhY2hlci0yNjgxNjQ3,1,5.0,2.0
2605,Jan M Eberth,,,,,,
2587,Jessie B Pintor,,,,,,
2607,Lindsay L Shea,,,,,,
2599,Javier Lopez-Rios,,,,,,
1466,Tariem A Burroughs,Cultural Science,2820977,VGVhY2hlci0yODIwOTc3,5,3.8,2.6
2555,J. Craig C Longenecker,,,,,,
2624,Michael K Hauer,,,,,,
1490,Melissa J Kaufman,Public Health,2858496,VGVhY2hlci0yODU4NDk2,1,5.0,1.0
1482,Sherry I Brandt-Rauf,Public Health,2658159,VGVhY2hlci0yNjU4MTU5,1,5.0,2.0
2557,Thersa M Sweet,Public Health,2436831,VGVhY2hlci0yNDM2ODMx,5,4.6,2.6
2538,Ashley B Gripper,,,,,,
2545,Jerry A Fagliano,,,,,,
2611,Jennifer R Breaux-Kutcher,Public Health,2145934,VGVhY2hlci0yMTQ1OTM0,7,4.8,1.6
2544,Esther D Chernak,,,,,,
2561,Jackie L Jahn,,,,,,
1478,Darryl R Brown,Public Health,2296396,VGVhY2hlci0yMjk2Mzk2,5,2.0,3.6
2606,Brent A Langellier,,,,,,
2497,Goro Yamada,,,,,,
2639,Alex A Quistberg,Public Health,2656729,VGVhY2hlci0yNjU2NzI5,1,2.0,4.0
2640,Jennifer A Kolker,,,,,,
2641,Robert I Field,,,,,,
2504,Loni P Tabb,,,,,,
1484,Nicole S Weber,Public Health,2902714,VGVhY2hlci0yOTAyNzE0,2,5.0,3.0
2645,Sabrina J DeVose,,,,,,
2647,Archie R Fernsby,,,,,,
2648,Allison C Humphries,,,,,,
2649,Maria T Kleponis,English,2463543,VGVhY2hlci0yNDYzNTQz,3,4.3,3.3
1028,Tina Marie Coolidge,,,,,,
2653,Daniel E Freeman,Business,2745159,VGVhY2hlci0yNzQ1MTU5,3,5.0,1.0
2655,Albert J Vario,,,,,,
2656,Craig J Loundas,,,,,,
2657,Young-Min Park,,,,,,
505,Lindsey A Gripenburg,,,,,,
512,John M Goggins,Information Science,685938,VGVhY2hlci02ODU5Mzg=,5,4.9,2.2
2678,Anthony M Angelow,Nursing,2416192,VGVhY2hlci0yNDE2MTky,2,5.0,3.0
2688,Patti R Zuzelo,,,,,,
2690,Christina E Marrero,,,,,,
2691,Daniella E Brown,,,,,,
1358,Veronica D Carey,Psychology,1579854,VGVhY2hlci0xNTc5ODU0,6,4.5,2.3
2701,Rita M Carroll,,,,,,
2705,Jesse A Smith,,,,,,
2711,Kevana M Nixon,,,,,,
2717,Jocelyn B Jennings,,,,,,
2721,Ellen Stephanie Krauthamer Ewing,,,,,,
2722,Stacey L Julye,,,,,,
2723,Katrina N Edmonds,,,,,,
2725,Nicole R Mountney,,,,,,
2689,Taniek A Gentles,,,,,,
2731,Katherine E Dilks,,,,,,
2729,Rikki A Patton,,,,,,
2706,Phyllis A Swint,,,,,,
2730,Dara E McDowell,,,,,,
2741,Michele D Rattigan,,,,,,
2740,Denise R Wolf,,,,,,
2743,Bronwen S Gale,,,,,,
2744,Natalie R Carlton,,,,,,
2748,LaToya M Pegram,,,,,,
2749,K.C. C Wuebbling,,,,,,
2750,Antonia J Cianfrani,,,,,,
2751,Hope A Heffner-Solimeo,,,,,,
2747,Clarissa J Lacson,,,,,,
2755,Gregory J Lang,Languages,2117965,VGVhY2hlci0yMTE3OTY1,5,5.0,1.2
2756,Minjung Shim,,,,,,
2764,Maria C Crossan,,,,,,
2769,Audrey Hausig,,,,,,
2767,Elizabeth McNamara,,,,,,
2771,Julia L Cuccaro-Green,,,,,,
2746,Nalini Prakash,,,,,,
2773,Nate Schlingmann,,,,,,
2752,Adenike Webb,,,,,,
2780,Mary L Patterson,,,,,,
2774,Florence M Ierardi,,,,,,
2778,Dawn Morningstar,,,,,,
1388,Rich V Pepino,Culinary Arts,2729684,VGVhY2hlci0yNzI5Njg0,2,5.0,3.0
2788,Rocco A Lugrine,Culinary Arts,2779805,VGVhY2hlci0yNzc5ODA1,2,1.5,4.5
2792,Shaunna E Pitzer,,,,,,
1369,Rosemary E Trout,Hospitality,1108815,VGVhY2hlci0xMTA4ODE1,18,4.8,2.6
2798,Michael H Tunick,Hospitality,2780916,VGVhY2hlci0yNzgwOTE2,1,1.0,2.0
2799,Mehmet H Ozdener,,,,,,
1366,Charles B Ziccardi,Hospitality,594879,VGVhY2hlci01OTQ4Nzk=,13,3.6,2.4
2805,Michael L Kirifides,Nursing,1313100,VGVhY2hlci0xMzEzMTAw,36,3.5,3.2
2531,Jodie L Haak,Mathematics,2518911,VGVhY2hlci0yNTE4OTEx,26,1.9,4.1
2803,Jacqueline Phillips,Health Science,2997675,VGVhY2hlci0yOTk3Njc1,1,5.0,1.0
2821,Michael L Bruneau,Health Science,2263659,VGVhY2hlci0yMjYzNjU5,23,3.8,3.8
1378,Micah J Meltzer,Health Science,2619171,VGVhY2hlci0yNjE5MTcx,16,4.1,3.0
1385,Steve Vitti,Health Science,3007606,VGVhY2hlci0zMDA3NjA2,3,4.3,2.7
2825,Clare E Milner,,,,,,
2813,Mary E Flynn,Biology,661539,VGVhY2hlci02NjE1Mzk=,29,4.4,3.5
1384,Meghan E Smith,Health Science,3017835,VGVhY2hlci0zMDE3ODM1,3,5.0,1.7
2828,Chris Dellasega,,,,,,
2829,Brandy-Joe Milliron,Science,2652203,VGVhY2hlci0yNjUyMjAz,4,3.0,2.8
2833,Enza N Rocco,,,,,,
2837,Magdalena Leszko,,,,,,
1032,Daniel L Cevallos,Nursing,1286905,VGVhY2hlci0xMjg2OTA1,14,4.7,1.9
2258,Constance K Perry,Humanities,890329,VGVhY2hlci04OTAzMjk=,5,3.1,2.2
2845,Robert Asante,Criminal Justice,2384550,VGVhY2hlci0yMzg0NTUw,2,3.5,3.0
2045,Jesse F Ballenger,Health Science,2265595,VGVhY2hlci0yMjY1NTk1,15,4.4,2.1
1037,Kevin J Mitchell,Health Science,2277873,VGVhY2hlci0yMjc3ODcz,9,5.0,2.1
2848,Jean M Papaj,,,,,,
1044,Fred J DiCostanzo,Management,1103565,VGVhY2hlci0xMTAzNTY1,6,3.4,4.0
2850,Keith D Brady,,,,,,
2852,Serena R Zelezny,Hospitality,2745175,VGVhY2hlci0yNzQ1MTc1,2,5.0,3.0
2855,Paul D MacDonald,,,,,,
1389,Paul G O'Neill,Hospitality,2567803,VGVhY2hlci0yNTY3ODAz,7,5.0,1.9
2698,Susan Kristiniak,,,,,,
2685,Kathryn T Farrell,Nursing,2108820,VGVhY2hlci0yMTA4ODIw,7,3.9,2.9
2682,Jennifer Myers,,,,,,
2864,Kate J Morse,Nursing,1744063,VGVhY2hlci0xNzQ0MDYz,2,3.0,2.0
2868,Lewis R Bennett,,,,,,
2867,Suzanne M Ariza,,,,,,
2869,Ferne M Cohen,,,,,,
1402,Shelley L Hickey,Nursing,2879514,VGVhY2hlci0yODc5NTE0,9,3.2,3.8
1403,Jennifer R Olszewski,Nursing,1327206,VGVhY2hlci0xMzI3MjA2,6,5.0,2.3
1408,Mary A Zimmer,Nursing,2108386,VGVhY2hlci0yMTA4Mzg2,14,3.6,3.6
2893,Monica J Harmon,,,,,,
2895,Kristen McLaughlin,Nursing,2351711,VGVhY2hlci0yMzUxNzEx,3,4.0,3.0
1395,Elizabeth A Ward,Nursing,2876940,VGVhY2hlci0yODc2OTQw,5,4.8,2.8
2550,Tina S Solomon,Nursing,2827565,VGVhY2hlci0yODI3NTY1,4,5.0,3.0
2905,Ann V Thiel-Barrett,Nursing,961357,VGVhY2hlci05NjEzNTc=,23,4.5,3.7
1404,Hailey Park,Nursing,3081946,VGVhY2hlci0zMDgxOTQ2,1,1.0,4.0
2565,Tasha K Martin-Peters,Nursing,2498551,VGVhY2hlci0yNDk4NTUx,28,2.0,3.9
1396,Joyce A Welliver,Nursing,2862827,VGVhY2hlci0yODYyODI3,1,5.0,1.0
2567,Danielle A Devine,Nursing,2118387,VGVhY2hlci0yMTE4Mzg3,7,4.9,3.4
2913,Mary E Yost,Nursing,1417710,VGVhY2hlci0xNDE3NzEw,12,4.8,2.5
1421,Maureen M Gonzales,Nursing,2237110,VGVhY2hlci0yMjM3MTEw,17,4.1,3.8
1432,Beth D Chiatti,Nursing,3019871,VGVhY2hlci0zMDE5ODcx,2,3.5,3.0
1406,Jane F Donovan,Nursing,2279139,VGVhY2hlci0yMjc5MTM5,10,3.9,3.3
1394,Alis K Panzera,,,,,,
1410,Maura A Nitka,Nursing,2714940,VGVhY2hlci0yNzE0OTQw,9,3.7,2.8
1444,Kevin S Sorce,,,,,,
1431,Joyce Brill,Nursing,2820029,VGVhY2hlci0yODIwMDI5,19,5.0,2.6
2925,Jane Greene Ryan,,,,,,
2897,Mary Kay K Silverman,,,,,,
2894,Kathleen A Clark,Nursing,2670250,VGVhY2hlci0yNjcwMjUw,10,3.7,3.5
2901,Penny E Parker,Nursing,2351710,VGVhY2hlci0yMzUxNzEw,16,3.6,3.7
1433,Melanie E Henderson,Nursing,2718308,VGVhY2hlci0yNzE4MzA4,4,5.0,1.5
1363,Sara A Humeny,,,,,,
2697,Dixie Schexnaildre,,,,,,
2933,Courtney Trace,,,,,,
1398,Denise Way,Nursing,1984636,VGVhY2hlci0xOTg0NjM2,12,2.5,3.1
2560,Jaimol S Sreedhar,,,,,,
1401,Elizabeth Hammond-Ritschard,Nursing,2883869,VGVhY2hlci0yODgzODY5,8,2.5,3.9
2938,Rosalyn J McGrath,,,,,,
2939,Joyce M Stengel,,,,,,
1409,Linda M Celia,Nursing,2618909,VGVhY2hlci0yNjE4OTA5,10,1.9,3.8
2865,Jessica Ann Hessel,,,,,,
2946,Jennifer L Cummings,,,,,,
2861,Fran H Cornelius,,,,,,
2902,Brian O Beardslee,,,,,,
2680,Sally K Miller,Nursing,2202211,VGVhY2hlci0yMjAyMjEx,12,3.2,3.8
2953,Kimberly Twaddell,,,,,,
2958,Diana R Filipek,,,,,,
2960,Andrew W McLuckie,,,,,,
2699,Donna M Fahey,Nursing,2619174,VGVhY2hlci0yNjE5MTc0,1,5.0,2.0
2700,Mary Beth Kealy,,,,,,
2684,Ginny R Wilson,,,,,,
2964,Jennifer L Coates,,,,,,
2966,Kimberly Garcia,,,,,,
2967,Alice R Poyss,Nursing,943256,VGVhY2hlci05NDMyNTY=,11,2.3,4.0
2968,Marcia Gamaly,Nursing,2591556,VGVhY2hlci0yNTkxNTU2,1,4.0,3.0
2683,Joanne F Serembus,Nursing,1128854,VGVhY2hlci0xMTI4ODU0,10,3.0,3.0
2702,Lela D Tannenbaum,,,,,,
2971,Susan M Burke,,,,,,
2972,Cheryl A Mele,,,,,,
2859,Alecia S Fox,Nursing,2440271,VGVhY2hlci0yNDQwMjcx,1,1.0,2.0
2679,Megan M Ossont,,,,,,
2957,Lori A Ruskin,,,,,,
2687,Dawn M Specht,,,,,,
2944,Susan M Solecki,Nursing,2743087,VGVhY2hlci0yNzQzMDg3,1,4.0,3.0
2981,Kelley Scott,,,,,,
1365,Erica K Springer,,,,,,
2983,Justine S Sefcik,,,,,,
2268,Stephen F Gambescia,Health Science,1516230,VGVhY2hlci0xNTE2MjMw,12,4.3,4.1
2838,Kristine A Mulhorn,Health Science,2509315,VGVhY2hlci0yNTA5MzE1,2,2.5,2.5
2987,Linda Wilson,,,,,,
1377,Anne M Dower,Nursing,2680774,VGVhY2hlci0yNjgwNzc0,40,3.5,3.8
2836,Nyree Dardarian,Health Science,1401891,VGVhY2hlci0xNDAxODkx,21,3.0,2.6
2991,Andrea G Irvine,Science,2679673,VGVhY2hlci0yNjc5Njcz,8,3.6,2.1
3004,Victoria Lambert,,,,,,
2999,Beth L Leonberg,Nursing,2332232,VGVhY2hlci0yMzMyMjMy,2,5.0,2.0
3001,Susan M McGinley,Science,2731262,VGVhY2hlci0yNzMxMjYy,3,4.0,2.3
2997,Mary P DeHaven,,,,,,
3012,Lynnette R Montgomery,,,,,,
2814,William J D'Andrea,Nursing,2022991,VGVhY2hlci0yMDIyOTkx,18,4.5,2.6
3015,Noel M Goodstadt,Health Science,1254291,VGVhY2hlci0xMjU0Mjkx,2,3.3,4.0
3018,Sara M Tomaszewski,,,,,,
3021,Sudeshna A Chatterjee,,,,,,
3022,Bobby C Hand,,,,,,
3023,Megan K Schaefer,,,,,,
3024,Lisa A Chiarello,,,,,,
3014,Heather L Brossman,Health Science,3003201,VGVhY2hlci0zMDAzMjAx,1,5.0,3.0
3026,John M Hagan,,,,,,
3027,Robert A Maschi,,,,,,
3030,Becca J Everetts,,,,,,
3031,Shannon M McCool,,,,,,
3032,Glenn N Williams,,,,,,
3035,Kevin B Nguyen,,,,,,
3038,Courtney G Ercole,,,,,,
3066,Rosalie G Coppola,,,,,,
3068,Gretchen L Fox,,,,,,
3034,Ellen D Feld,,,,,,
3058,Megan E McPaul,,,,,,
3053,Megan Schneider,,,,,,
3036,Catherine M Nowak,,,,,,
3033,Daniela C Livingston,,,,,,
3070,Jeffrey Owens,,,,,,
3042,Julie J Kinzel,,,,,,
3055,Charles E Stream,,,,,,
3064,Michelle Umstead,,,,,,
3037,Juanita A Gardner,,,,,,
3100,Allison S Rusgo,,,,,,
3039,Ryan J Clancy,,,,,,
2858,Diane D DePew,Nursing,1746020,VGVhY2hlci0xNzQ2MDIw,3,3.0,3.3
2955,Marie S McClay,,,,,,
2942,Dana C Kemery,Nursing,1677025,VGVhY2hlci0xNjc3MDI1,16,2.7,3.6
3141,John E Ruggiero,,,,,,
3142,Kristal L Brown,,,,,,
2757,Joke Bradt,,,,,,
627,Greg Probst,English,2988773,VGVhY2hlci0yOTg4Nzcz,6,4.8,2.5
1448,Katie S Barak,Student Services,2917012,VGVhY2hlci0yOTE3MDEy,1,5.0,2.0
3150,Natalie D Shaak,,,,,,
2590,Christy D Dure,,,,,,
1440,Eric A Zillmer,Psychology,2858492,VGVhY2hlci0yODU4NDky,4,5.0,1.5
1354,Christina E Love,Physics,2302896,VGVhY2hlci0yMzAyODk2,27,3.5,2.6
492,Katrina Johnston-Zimmerman,,,,,,
3155,Cara S Fantini,,,,,,
629,Henry Israeli,English,794357,VGVhY2hlci03OTQzNTc=,31,4.1,2.3
3157,Jeffrey C Birou,Engineering,2664698,VGVhY2hlci0yNjY0Njk4,2,2.0,2.0
1460,Leah H Gates,,,,,,
1118,Mark W Boady,Computer Science,2152307,VGVhY2hlci0yMTUyMzA3,59,4.3,2.8
1489,Jennifer L Britton,History,1778049,VGVhY2hlci0xNzc4MDQ5,1,2.0,2.0
874,Ali Kenner,,,,,,
188,Ali L Howell Abolo,,,,,,
646,Llana Carroll,English,2959425,VGVhY2hlci0yOTU5NDI1,16,2.1,2.8
1007,Jesse Isadore,,,,,,
608,Catherine Clare Strange,Criminal Justice,2904423,VGVhY2hlci0yOTA0NDIz,5,5.0,1.6
1328,Flavia Padovani,Philosophy,2465138,VGVhY2hlci0yNDY1MTM4,7,3.3,4.3
1541,Dana C D'Angelo,Business,924177,VGVhY2hlci05MjQxNzc=,33,4.6,2.7
741,Steve Dolph,Languages,2335323,VGVhY2hlci0yMzM1MzIz,12,5.0,2.5
1204,Rachel M Sherman,,,,,,
1367,Jonathan M Deutsch,Culinary Arts,2892203,VGVhY2hlci0yODkyMjAz,2,5.0,2.0
524,Jakeya Caruthers,English,2778483,VGVhY2hlci0yNzc4NDgz,2,5.0,3.5
1125,Magdalena Maczynska,,,,,,
1506,Adrian C Shieh,,,,,,
1505,Joseph J Sarver,Science,3052646,VGVhY2hlci0zMDUyNjQ2,1,5.0,3.0
3203,Daryl O Omire-Mayor,,,,,,
3180,Donald L McEachron,Science,56468,VGVhY2hlci01NjQ2OA==,17,3.4,3.2
3143,Trish A Shewokis,,,,,,
3189,Victoria A Nash,,,,,,
1523,Jaimie B Dougherty,Engineering,2646253,VGVhY2hlci0yNjQ2MjUz,1,5.0,4.0
3223,Carolyn Riley,,,,,,
3224,Paul W Brandt-Rauf,,,,,,
3225,Lisa T Williams,,,,,,
1498,Fred D Allen,Biological Sciences,1865828,VGVhY2hlci0xODY1ODI4,12,4.1,2.4
3217,Hasan Ayaz,,,,,,
2069,Vikas Bhandawat,Engineering,3019413,VGVhY2hlci0zMDE5NDEz,1,1.0,4.0
1515,Sriram Balasubramanian,,,,,,
3231,Kenneth A Barbee,,,,,,
3232,Irwin Chaiken,,,,,,
1521,John F Eberth,Biology,2734728,VGVhY2hlci0yNzM0NzI4,6,1.3,4.3
3234,Garth D Ehrlich,,,,,,
3235,Simon F Giszter,,,,,,
3236,Valentina Graci,,,,,,
3237,Lin Han,,,,,,
2644,Xiao Huang,Sociology,2849429,VGVhY2hlci0yODQ5NDI5,10,2.9,3.7
1519,Kurtulus Izzetoglu,,,,,,
1520,Andres Kriete,,,,,,
3209,Steven M Kurtz,,,,,,
3222,Hualou Liang,Engineering,1865837,VGVhY2hlci0xODY1ODM3,6,4.0,3.2
3178,Peter A Lewin,,,,,,
2627,Kambiz Pourrezaei,,,,,,
3245,Chris B Rodell,,,,,,
3174,Ahmet Sacan,Engineering,2530957,VGVhY2hlci0yNTMwOTU3,12,3.1,3.5
2652,Wan Y Shih,,,,,,
2486,Sorin Siegler,Engineering,2111135,VGVhY2hlci0yMTExMTM1,7,2.1,3.4
3249,Kara L Spiller,,,,,,
3206,Amy L Throckmorton,,,,,,
1522,Catherine R Von Reyn,,,,,,
3252,Margaret A Wheatley,Engineering,2209593,VGVhY2hlci0yMjA5NTkz,1,1.0,5.0
1510,Ming Xiao,Engineering,2741138,VGVhY2hlci0yNzQxMTM4,2,2.0,2.5
3254,Yinghui Zhong,,,,,,
2276,Gail L Rosen,English,1270766,VGVhY2hlci0xMjcwNzY2,41,3.8,2.2
3256,Natalia J Broz,,,,,,
3260,Cathleen M Albertson,,,,,,
1531,Louise A Whitelaw,Fine Arts,2055693,VGVhY2hlci0yMDU1Njkz,5,4.8,2.6
3271,Fredricka K Reisman,Education,295016,VGVhY2hlci0yOTUwMTY=,5,1.3,3.2
1499,Giuseppe J Salomone,Sociology,2919089,VGVhY2hlci0yOTE5MDg5,2,3.5,1.0
3287,Alyssa M Walloff,,,,,,
3286,Beth L Tuseck-Napolitano,,,,,,
2574,Subir Sahu,,,,,,
3295,Tyler C Andres-Bray,,,,,,
3299,Michael S Franklin,Music,2960679,VGVhY2hlci0yOTYwNjc5,1,1.0,3.0
3306,Margaret M Monaghan,,,,,,
3309,Donald J Barrett,,,,,,
3310,Angel L Royal,,,,,,
3313,Jennifer E Grocki,,,,,,
3318,Tina M Lawson,,,,,,
3322,Rebecca Hawley,,,,,,
3325,Philip A Vande Berg,,,,,,
3326,Jennifer A Valore,,,,,,
3327,Jemina T Williams,,,,,,
3330,Andrea R DiMola,,,,,,
3333,Damaris C Dunn,,,,,,
3334,Amanda L Reinsburrow,,,,,,
3336,Amy D Orlando,,,,,,
3339,Pamela D Bryan,,,,,,
1107,Daniel W Moix,Computer Science,2840871,VGVhY2hlci0yODQwODcx,26,1.8,3.4
3344,Ann H Gozzard,,,,,,
3345,Megan M Giampietro,,,,,,
1027,Michelle L Kline-Peterson,Education,2714729,VGVhY2hlci0yNzE0NzI5,12,3.2,3.4
3353,Veronica A Williams,,,,,,
3290,Kim Sterin,,,,,,
3365,Guillermo D Ibarrola Recalde,,,,,,
3366,Dara N Bright,,,,,,
3370,Mollie A Gambone,,,,,,
132,Mark E Petrovich,Design,2492758,VGVhY2hlci0yNDkyNzU4,1,5.0,1.0
3258,Chris M Vorndran,Education,2606676,VGVhY2hlci0yNjA2Njc2,3,3.3,3.7
3314,Amanda L Lannie,,,,,,
3355,H. Bernard B Hall,,,,,,
3259,Bridget S Blakely,,,,,,
3283,Bruce A Levine,,,,,,
3328,Cameron M Kiosoglous,,,,,,
1533,Colin Hennessy Elliott,,,,,,
3323,Constance F Lyttle,,,,,,
3359,Deanna D Hill,,,,,,
3364,Dominic F Gullo,Education,1414109,VGVhY2hlci0xNDE0MTA5,3,5.0,2.0
3356,Harriette T Rasmussen,,,,,,
3257,James E Connell,,,,,,
3311,Janet M Sloand,,,,,,
1532,Jen L Katz-Buonincontro,,,,,,
3274,Jose L Chavez,,,,,,
3360,Joy Phillips,,,,,,
3281,John M Gould,,,,,,
3301,Kate D Piselli,,,,,,
3268,Kristen S Betts,,,,,,
3347,Kristine S Grant,Education,2913201,VGVhY2hlci0yOTEzMjAx,1,5.0,3.0
2660,Larry J Keiser,,,,,,
3308,Mary Jean Tecce DeCarlo,,,,,,
3282,Michael G Kozak,,,,,,
3276,Salvatore Falletta,,,,,,
3337,Sarah P Ulrich,,,,,,
3273,Sheila R Vaidya,Education,630105,VGVhY2hlci02MzAxMDU=,6,1.6,3.8
3296,Valerie E Klein,,,,,,
3279,William F Lynch,,,,,,
3342,Michael J Haslip,Education,2512280,VGVhY2hlci0yNTEyMjgw,4,2.8,3.5
3381,Christopher G Wright,Education,2631923,VGVhY2hlci0yNjMxOTIz,1,5.0,1.0
3396,Ayana Allen Handy,,,,,,
3272,Kristy E Kelly,,,,,,
3280,Kareem Edouard,,,,,,
3335,Vera J Lee,,,,,,
3409,Jason Silverman,,,,,,
1355,Rachel R Germany,Law,3037359,VGVhY2hlci0zMDM3MzU5,3,4.3,2.0
1356,Andrew J Leahey,Law,2967846,VGVhY2hlci0yOTY3ODQ2,4,5.0,1.5
3438,Mark Houldin,,,,,,
3439,Nicole Seawright,,,,,,
3440,Pauline White Meeusen,,,,,,
3441,Varghese M Kurian,,,,,,
3442,Laurel Lichty,,,,,,
3443,Kelly M Loughery,,,,,,
3444,Michele N Mathes,,,,,,
3445,Mara I Smith,,,,,,
3446,Paul E Flanagan,,,,,,
3447,John Cannan,,,,,,
3448,Jane M Licata,,,,,,
3449,Jacqueline B Penrod,,,,,,
3451,Darshan J Kulkarni,,,,,,
3452,Jody E Mooradian,,,,,,
3453,Tracye R Edwards,,,,,,
3454,Lisa E Lewis,,,,,,
3455,Edward M Cramp,,,,,,
3456,Aaron J Hurley,,,,,,
3457,Beau G Howard,,,,,,
3458,Leeza R Garber,,,,,,
3459,Rebecca R Isbill,,,,,,
3513,Tony J Bracali,,,,,,
3514,Kalila K Smith,Dance,2384232,VGVhY2hlci0yMzg0MjMy,4,3.0,3.5
3515,Duncan R McIntosh,,,,,,
308,John V Avarese,Film,1968442,VGVhY2hlci0xOTY4NDQy,12,4.3,2.9
3517,Elizabeth L Kitchens,,,,,,
1738,Beth G Huerta,,,,,,
3519,Nicole M Feller-Johnson,,,,,,
446,Henry Homza,Design,,2934630,,,
439,Cooper M Wright,,,,,,
868,Joel E Oestreich,Political Science,1845349,VGVhY2hlci0xODQ1MzQ5,18,3.1,3.4
706,Lynn E Levin,English,2258943,VGVhY2hlci0yMjU4OTQz,11,3.6,2.2
2207,Brian Burke,Psychology,313976,VGVhY2hlci0zMTM5NzY=,32,4.8,3.1
3525,Yusi Wei,,,,,,
3526,Simon A Spavound,Statistics,3043730,VGVhY2hlci0zMDQzNzMw,7,5.0,2.7
2218,Richard C Barnett,Economics,1543976,VGVhY2hlci0xNTQzOTc2,75,2.1,4.2
974,Christopher A Laincz,Economics,2678082,VGVhY2hlci0yNjc4MDgy,14,4.3,4.2
3529,Roger A McCain,Economics,2761178,VGVhY2hlci0yNzYxMTc4,14,2.0,3.4
3530,Peter F Minan,Finance,2926061,VGVhY2hlci0yOTI2MDYx,1,3.0,3.0
3531,Nancy M Carr,Business,576738,,27,4.4,2.2
3532,Umer U Piracha,Business,2619921,VGVhY2hlci0yNjE5OTIx,3,4.3,2.0
1063,Paul V McCullough,Business,2778972,VGVhY2hlci0yNzc4OTcy,4,3.8,1.8
3534,Souren Paul,Information Science,1708595,VGVhY2hlci0xNzA4NTk1,10,2.0,3.7
2292,Michael J Howley,Marketing,697024,VGVhY2hlci02OTcwMjQ=,17,4.5,2.2
3536,Xinge Li,Psychology,2815526,VGVhY2hlci0yODE1NTI2,2,4.5,2.5
3537,Carissa M Colligan,,,,,,
1073,Malcolm W Brown,Marketing,2885331,VGVhY2hlci0yODg1MzMx,4,3.3,1.5
3539,Diana A Lee,,,,,,
3540,Samuel M Goldstein,Finance,2896890,VGVhY2hlci0yODk2ODkw,2,2.5,3.5
988,Ozlem Ogutveren-Gonul,Business,2827804,VGVhY2hlci0yODI3ODA0,17,1.2,4.4
1136,Galen Long,Computer Science,2744127,VGVhY2hlci0yNzQ0MTI3,18,4.7,2.8
1102,Brian L Stuart,Computer Science,2019453,VGVhY2hlci0yMDE5NDUz,109,3.5,3.7
3544,Thomas J Heverin,Computer Science,2391161,VGVhY2hlci0yMzkxMTYx,33,5.0,3.3
3545,Stephen A Wayland,,,,,,
1201,Michael J Walters,,,,,,
2260,Kathryn M Lorenz,,,,,,
2264,Spencer R Ward,Health Science,2749715,VGVhY2hlci0yNzQ5NzE1,1,5.0,2.0
1035,Scott P Sigman,,,,,,
3550,Randy Schwartz,Management,3063641,VGVhY2hlci0zMDYzNjQx,1,1.0,3.0
3551,Leon F Vinci,,,,,,
1417,Meg M Shattuck,Nursing,2259079,,19,4.9,2.9
3553,Theresa M Fay-Hillier,Family Studies & Social Work,1927189,VGVhY2hlci0xOTI3MTg5,1,5.0,1.0
1438,Maryann Godshall,Nursing,2070992,VGVhY2hlci0yMDcwOTky,10,4.6,3.5
1451,Tiger Jaser,,,,,,
3556,Eric M Kennedy,Communication,2891227,,,,
3557,Kelsey N Hanson,Anthropology,3055566,VGVhY2hlci0zMDU1NTY2,2,5.0,2.0
3558,Sujata K Bhatia,Engineering,2767641,VGVhY2hlci0yNzY3NjQx,1,5.0,2.0
3559,Nicole E Welk-Joerger,Public Health,2579089,VGVhY2hlci0yNTc5MDg5,1,4.0,3.0
3560,Mark E Schafer,,,,,,
2636,Matthew A Butkus,Health Science,3054911,VGVhY2hlci0zMDU0OTEx,3,1.3,5.0
3562,Jamie Mak,,,,,,
3563,David M Mattson,,,,,,
3564,Pete J Ophoven,,,,,,
3565,Samantha Mercanti-Anthony,Education,2654563,VGVhY2hlci0yNjU0NTYz,5,2.6,4.0
2,Delia L Solomons,,,,,,
4,Sydney R Donovan,,,,,,
7,Ari B Gass,,,,,,
10,Clare Sauro,,,,,,
11,Adrienne Manno,,,,,,
14,Tom P Quigley,,,,,,
16,Joseph S Steinhardt,,,,,,
22,Michael W Froio,,,,,,
36,Sara Mae M Henke,,,,,,
37,Richard B Astro,,,,,,
45,Ilana Margolis,,,,,,
48,Brent A Luvaas,,,,,,
49,Tasneem A Siddiqui,,,,,,
51,Rachel Reynolds,,,,,,
52,Travis B Curtice,,,,,,
59,Sonali Jain,,,,,,
73,Lance J Aizen,,,,,,
75,Chrystal N Simms,,,,,,
79,Jade Y Lo,,,,,,
85,Chen Wang,,,,,,
87,Srinivasan Swaminathan,,,,,,
97,Rose M Corrigan,,,,,,
98,Abby R Schwartz,,,,,,
100,Melissa A Bennett,,,,,,
103,Anyun Chatterjee,,,,,,
105,Paula M Cohen,,,,,,
106,Janna Ataiants,,,,,,
107,Agus Surachman,,,,,,
108,Opeyemi O Babajide,,,,,,
111,Konstantinos Vrontis,,,,,,
118,Natasha J Goldstein-Levitas,,,,,,
119,Zorita Dorsey,,,,,,
121,Spenser Spratlin,,,,,,
123,Robert J Warkulwiz,,,,,,
124,Julia L Colton,,,,,,
134,Abioseh M Porter,,,,,,
135,Liz Polcha,,,,,,
138,John R Yagecic,,,,,,
140,Ilya V Buynevich,,,,,,
144,Sonia Vaz Borges,,,,,,
146,Evangelia Chrysikou,,,,,,
149,Sugu Tomar,,,,,,
151,Diana M Rossi,,,,,,
154,Jen A Blazina,,,,,,
157,Nakho Kim,,,,,,
158,Rob J Kane,,,,,,
159,Lea Jacobson,,,,,,
160,Roger R Kurtz,,,,,,
161,Diane M Sicotte,,,,,,
162,Jason Munshi-South,,,,,,
163,Rebecca A Clothey,,,,,,
164,Meg K Guliford,,,,,,
170,Amanda M Lequieu,,,,,,
172,Jinghao Xia,,,,,,
173,Nitin Ajmera,,,,,,
174,Fangqian Wu,,,,,,
176,Bryan L Rishforth,,,,,,
177,Raymond E Liguori,,,,,,
178,Shelly L LaPrince,,,,,,
179,Julie A Werner-Simon,,,,,,
181,Rikki Dong,,,,,,
183,Fairuz Chowdhury,,,,,,
187,James A Shackleford,,,,,,
191,Melinda M Lewis,,,,,,
192,Gwen E Ottinger,,,,,,
193,Cyndi Rickards,,,,,,
194,Courtney M Houtsma,,,,,,
195,Bhavit H Vora,,,,,,
196,Mindy J Johnson,,,,,,
197,Jon H Jankowiak,,,,,,
198,Ulrike Altenmueller-Lewis,,,,,,
199,Roberta D Johnson,,,,,,
200,Mary Winkler,,,,,,
203,Jaclyn M Rhoads,,,,,,
204,Chaim Goldstein,,,,,,
1334,Moses Noh,,,,,,
257,Amelia L Drummond,,,,,,
933,Harriet L Millan,,,,,,
1285,Christopher M Sales,,,,,,
1350,Rebecca Y Signore,,,,,,
491,Max Vasapoli,,,,,,
899,Kelly E Underman,,,,,,
1086,Andrew R Kennedy,,,,,,
983,Mark Stehr,,,,,,
353,Ryan C Gray,,,,,,
442,Eli W Robbins,,,,,,
1051,Nathan J Carr-Whealy,,,,,,
2239,Eliezer M Fich,,,,,,
2307,Salvatore Dragone,,,,,,
2453,Barnes R Bierck,,,,,,
1879,Hilde D Van den Bulck,,,,,,
2168,Xiaorui Huang,,,,,,
2253,Chuck Fang,,,,,,
2608,Trupti M Trivedi,,,,,,
2273,David H Flood,,,,,,
2271,Paulina S Sockolow,,,,,,
2112,Christian Hunold,,,,,,
2399,Simi T Hoque,,,,,,
1770,Bobbi Block,,,,,,
2579,Samuel Scheer,,,,,,
3566,William L Muto,,,,,,
3567,Caralyn H Spector,,,,,,
3568,Mary Cavallaro,,,,,,
3569,Brigitte McCray,,,,,,
3570,Michelle M McHugh,,,,,,
3571,Emmanuel F Koku,,,,,,
3572,Elise Juska,,,,,,
3573,Ethan C Rauf,,,,,,
3574,Hugo J Woerdeman,,,,,,
3575,Cecilia Freire Mondaini,,,,,,
3576,Alexa Tompary,,,,,,
3577,Brian P Daly,,,,,,
3578,Will Hall,,,,,,
3579,Jordan M Hyatt,,,,,,
3580,Florette Press,,,,,,
3581,Leanne M Sweppenheiser,,,,,,
3582,Albert W DeRitis,,,,,,
3583,Tristan L Potter,,,,,,
3584,Konstantinos Serfes,,,,,,
3585,Edward F Nelling,,,,,,
3586,Johanna J Magner,,,,,,
3587,William C Powell,,,,,,
3588,Cheryl Renz,,,,,,
3589,Christian J Resick,,,,,,
3590,Mark F Gress,,,,,,
3591,Chris T Wyche,,,,,,
3592,Justin M Fithian,,,,,,
3593,Kristen Hayes,,,,,,
3594,Feng Liu,,,,,,
3595,Ellen J Bass,,,,,,
3596,Boris Valerstein,,,,,,
3597,Ivan Bartoli,,,,,,
3598,Thomas F Halpin,,,,,,
3599,Jack Winters,,,,,,
3600,Steven G Weber,,,,,,
3601,Ania Baetica,,,,,,
3602,Kim M Williams,,,,,,
3603,Rick M Berger,,,,,,
3604,Mischa S Wheat,,,,,,
3605,Michael P Crabtree,,,,,,
3606,Dave M Haendler,,,,,,
3607,David R Hoffman,,,,,,
3608,Veronica J Finkelstein,,,,,,
3609,Mark J Stanisz,,,,,,
3610,Daniel M Faigus,,,,,,
3611,Lindsey E Tice,,,,,,
3612,Elizabeth E Dunn,,,,,,
3613,Barbara R Osborne,,,,,,
3614,Jackie L Murphy,,,,,,
3615,Jessica L Chou,,,,,,
3616,James Muruthi,,,,,,
3617,Linda D Marston-Burk,,,,,,
3618,Girija Kaimal,,,,,,
3619,Zein A Hassanein,,,,,,
3620,Kymberlee A Montgomery,,,,,,
3621,Ben Binder-Markey,,,,,,
3622,Lauren M Zettlemoyer,,,,,,
3623,Stephanie R Velez Watson,,,,,,
3624,Jaclyn Grenier,,,,,,
3625,Laura A Baehr,,,,,,
3626,Jessica M Tortu,,,,,,
3627,Ed J Gracely,,,,,,
3628,Jordan S Wilson,,,,,,
3629,Lilianna Phan,,,,,,
3630,Amanda Scott,,,,,,
3631,Igor Burstyn,,,,,,
3632,Giyoung Lee,,,,,,
3633,Rachael R HaileSelasse,,,,,,
3634,Arpit D Shah,,,,,,
3635,Christina M Furia-DaPonte,,,,,,
3636,Caryn B Glaser,,,,,,
3637,Elise M Bryers,,,,,,
3638,Douglas V Porpora,,,,,,
3639,Shari L Moskow,,,,,,
3640,Jonah D Blasiak,,,,,,
3641,Yoto V Yotov,,,,,,
3642,George P Tsetsekos,,,,,,
3643,Chris Macneel,,,,,,
3644,Liza Y Barnes,,,,,,
3645,Brooke M Reavey,,,,,,
3646,Jon Boyle,,,,,,
3647,Cameron F Abrams,,,,,,
3648,Fernando J Loayza Jordan,,,,,,
3649,Dan Wolman,,,,,,
3650,Brittni Deadrick,,,,,,
3651,Michael J Galarraga,,,,,,
3652,John T Glaubitz,,,,,,
3653,Lynn A Falk,,,,,,
3654,Sarah B Wenger,,,,,,
3655,Safiyyah M Okoye,,,,,,
3656,Francis Aguas,,,,,,
3657,Mikayla S Brown,,,,,,
3658,Yanick M Vibert,,,,,,
3659,Carla C Campbell,,,,,,
3660,Max P Taytelbaum,,,,,,
3661,Megan A Cook,,,,,,
3662,Josiah L Kephart,,,,,,
3663,Jourdyn A Lawrence,,,,,,
3664,Anne M Roux,,,,,,
3665,Lateefa S Smith,,,,,,
3666,Pavel Greenfield,,,,,,
3667,Gideon R Simpson,,,,,,
3668,Doug D Wright,,,,,,
3669,Curtis M Hall,,,,,,
3670,Blaize Giangiulio,,,,,,
3671,Stephen P Mullin,,,,,,
3672,Scott M Haag,,,,,,
3673,Lauren M McCulloch,,,,,,
3674,Rose Ann A DiMaria-Ghalili,,,,,,
3675,Mark L Greenberg,,,,,,
3676,Chris C Devery,,,,,,
3677,Charles L Gilbert,,,,,,
3678,Jaara J Ndaw,,,,,,
3679,Reuben I Advani,,,,,,
3680,David A Becher,,,,,,
3681,Stacy G Hohenleitner,,,,,,
3682,Dominic D Adams,,,,,,
3683,Ahmad H Payab,,,,,,
3684,Erin M Rafferty-Bugher,,,,,,
3685,Sherry W Goodill,,,,,,
3686,Margaret A Finley,,,,,,
3687,Will H Radichel,,,,,,
3688,Md Karimuzzaman,,,,,,
